{
"meta":{"test_sets":[],"test_metrics":[],"learn_metrics":[{"best_value":"Min","name":"Logloss"}],"launch_mode":"Train","parameters":"","iteration_count":1000,"learn_sets":["learn"],"name":"experiment"},
"iterations":[
{"learn":[0.6789262305],"iteration":0,"passed_time":0.1739346852,"remaining_time":173.7607505},
{"learn":[0.6671796378],"iteration":1,"passed_time":0.1891532502,"remaining_time":94.38747184},
{"learn":[0.6547514613],"iteration":2,"passed_time":0.2002210983,"remaining_time":66.54014499},
{"learn":[0.6422431853],"iteration":3,"passed_time":0.2095074715,"remaining_time":52.1673604},
{"learn":[0.6309534253],"iteration":4,"passed_time":0.2188541613,"remaining_time":43.5519781},
{"learn":[0.6215937358],"iteration":5,"passed_time":0.2285037368,"remaining_time":37.8554524},
{"learn":[0.6112026261],"iteration":6,"passed_time":0.237298654,"remaining_time":33.66250906},
{"learn":[0.6019295976],"iteration":7,"passed_time":0.2473149918,"remaining_time":30.66705899},
{"learn":[0.594045156],"iteration":8,"passed_time":0.2568106276,"remaining_time":28.27770355},
{"learn":[0.5837001551],"iteration":9,"passed_time":0.2662714334,"remaining_time":26.36087191},
{"learn":[0.5761900821],"iteration":10,"passed_time":0.2753831045,"remaining_time":24.75944457},
{"learn":[0.5675872877],"iteration":11,"passed_time":0.2873090514,"remaining_time":23.6551119},
{"learn":[0.5605004705],"iteration":12,"passed_time":0.2981379855,"remaining_time":22.63555321},
{"learn":[0.5548163684],"iteration":13,"passed_time":0.307928233,"remaining_time":21.68694555},
{"learn":[0.548326484],"iteration":14,"passed_time":0.3171281777,"remaining_time":20.82475034},
{"learn":[0.542585928],"iteration":15,"passed_time":0.3255419497,"remaining_time":20.0208299},
{"learn":[0.5357027585],"iteration":16,"passed_time":0.3344691955,"remaining_time":19.34018936},
{"learn":[0.5303873501],"iteration":17,"passed_time":0.3426961319,"remaining_time":18.69597786},
{"learn":[0.5261018841],"iteration":18,"passed_time":0.3512414896,"remaining_time":18.1351527},
{"learn":[0.5208911665],"iteration":19,"passed_time":0.3600561171,"remaining_time":17.64274974},
{"learn":[0.5166866275],"iteration":20,"passed_time":0.3697370989,"remaining_time":17.23679142},
{"learn":[0.5112397496],"iteration":21,"passed_time":0.378934488,"remaining_time":16.84536042},
{"learn":[0.5072072322],"iteration":22,"passed_time":0.3878618442,"remaining_time":16.4756966},
{"learn":[0.5035520983],"iteration":23,"passed_time":0.3983801541,"remaining_time":16.20079293},
{"learn":[0.5000755476],"iteration":24,"passed_time":0.41020787,"remaining_time":15.99810693},
{"learn":[0.4969358874],"iteration":25,"passed_time":0.4194899031,"remaining_time":15.71473714},
{"learn":[0.4942760551],"iteration":26,"passed_time":0.428788205,"remaining_time":15.45225642},
{"learn":[0.4914535116],"iteration":27,"passed_time":0.4395350313,"remaining_time":15.25814466},
{"learn":[0.4881441056],"iteration":28,"passed_time":0.4482971062,"remaining_time":15.0102238},
{"learn":[0.4851235895],"iteration":29,"passed_time":0.4601505243,"remaining_time":14.87820029},
{"learn":[0.4823645345],"iteration":30,"passed_time":0.4705709947,"remaining_time":14.70913851},
{"learn":[0.4782436417],"iteration":31,"passed_time":0.4794791234,"remaining_time":14.50424348},
{"learn":[0.4753649695],"iteration":32,"passed_time":0.4891721099,"remaining_time":14.33422516},
{"learn":[0.4725564065],"iteration":33,"passed_time":0.499669804,"remaining_time":14.1965009},
{"learn":[0.4703625104],"iteration":34,"passed_time":0.51188235,"remaining_time":14.11332765},
{"learn":[0.4678968379],"iteration":35,"passed_time":0.524259128,"remaining_time":14.03849443},
{"learn":[0.4648299764],"iteration":36,"passed_time":0.5380661628,"remaining_time":14.00426256},
{"learn":[0.4624655366],"iteration":37,"passed_time":0.5499878522,"remaining_time":13.92337668},
{"learn":[0.4600752934],"iteration":38,"passed_time":0.5594269977,"remaining_time":13.78485499},
{"learn":[0.4584939065],"iteration":39,"passed_time":0.5688457019,"remaining_time":13.65229685},
{"learn":[0.4560053273],"iteration":40,"passed_time":0.5801511971,"remaining_time":13.569878},
{"learn":[0.4541263312],"iteration":41,"passed_time":0.5879779692,"remaining_time":13.41149749},
{"learn":[0.4525134662],"iteration":42,"passed_time":0.6000144084,"remaining_time":13.35380904},
{"learn":[0.4507164316],"iteration":43,"passed_time":0.6092022667,"remaining_time":13.2363038},
{"learn":[0.4492547504],"iteration":44,"passed_time":0.6167789911,"remaining_time":13.08942081},
{"learn":[0.4469652374],"iteration":45,"passed_time":0.624895298,"remaining_time":12.95978509},
{"learn":[0.4448129871],"iteration":46,"passed_time":0.6345053251,"remaining_time":12.86560798},
{"learn":[0.4433781732],"iteration":47,"passed_time":0.6438752691,"remaining_time":12.77019284},
{"learn":[0.4415209902],"iteration":48,"passed_time":0.6528689137,"remaining_time":12.67098647},
{"learn":[0.4401561377],"iteration":49,"passed_time":0.6618065957,"remaining_time":12.57432532},
{"learn":[0.4382318898],"iteration":50,"passed_time":0.6699196251,"remaining_time":12.4657593},
{"learn":[0.4366377639],"iteration":51,"passed_time":0.6798415233,"remaining_time":12.39403392},
{"learn":[0.4353972576],"iteration":52,"passed_time":0.688361673,"remaining_time":12.29959442},
{"learn":[0.4335302025],"iteration":53,"passed_time":0.6964566972,"remaining_time":12.20088955},
{"learn":[0.4316108907],"iteration":54,"passed_time":0.7054708711,"remaining_time":12.12127224},
{"learn":[0.4299883013],"iteration":55,"passed_time":0.7131516495,"remaining_time":12.02169924},
{"learn":[0.4282060452],"iteration":56,"passed_time":0.7210223254,"remaining_time":11.92849216},
{"learn":[0.4266793387],"iteration":57,"passed_time":0.7294022841,"remaining_time":11.84649917},
{"learn":[0.4257582547],"iteration":58,"passed_time":0.7388677662,"remaining_time":11.78431471},
{"learn":[0.4243071254],"iteration":59,"passed_time":0.749659264,"remaining_time":11.7446618},
{"learn":[0.4233378339],"iteration":60,"passed_time":0.7582186213,"remaining_time":11.67159484},
{"learn":[0.422224393],"iteration":61,"passed_time":0.7659009429,"remaining_time":11.58734007},
{"learn":[0.4211171296],"iteration":62,"passed_time":0.7737624503,"remaining_time":11.50818121},
{"learn":[0.4195501074],"iteration":63,"passed_time":0.7815352131,"remaining_time":11.42995249},
{"learn":[0.4185525594],"iteration":64,"passed_time":0.7893843725,"remaining_time":11.35499059},
{"learn":[0.4175135134],"iteration":65,"passed_time":0.7966981229,"remaining_time":11.27448556},
{"learn":[0.4163760428],"iteration":66,"passed_time":0.8049968978,"remaining_time":11.20988217},
{"learn":[0.415050501],"iteration":67,"passed_time":0.8126369252,"remaining_time":11.13790609},
{"learn":[0.413749669],"iteration":68,"passed_time":0.8206972499,"remaining_time":11.07346579},
{"learn":[0.4129256796],"iteration":69,"passed_time":0.8284336467,"remaining_time":11.00633273},
{"learn":[0.4123185497],"iteration":70,"passed_time":0.8365101786,"remaining_time":10.94532332},
{"learn":[0.4115420584],"iteration":71,"passed_time":0.8441487001,"remaining_time":10.8801388},
{"learn":[0.4107649759],"iteration":72,"passed_time":0.8527460554,"remaining_time":10.82870676},
{"learn":[0.409935016],"iteration":73,"passed_time":0.8607794,"remaining_time":10.77137465},
{"learn":[0.4093129599],"iteration":74,"passed_time":0.8687285836,"remaining_time":10.7143192},
{"learn":[0.4085763114],"iteration":75,"passed_time":0.8760921589,"remaining_time":10.65143625},
{"learn":[0.4080039405],"iteration":76,"passed_time":0.8840096939,"remaining_time":10.59663568},
{"learn":[0.4071264235],"iteration":77,"passed_time":0.8921110326,"remaining_time":10.5452099},
{"learn":[0.4047430376],"iteration":78,"passed_time":0.9037350661,"remaining_time":10.53594932},
{"learn":[0.4038946046],"iteration":79,"passed_time":0.9121452871,"remaining_time":10.4896708},
{"learn":[0.4029931168],"iteration":80,"passed_time":0.9198293268,"remaining_time":10.43608829},
{"learn":[0.4014579865],"iteration":81,"passed_time":0.9289958102,"remaining_time":10.40022139},
{"learn":[0.4004140341],"iteration":82,"passed_time":0.9393190751,"remaining_time":10.37777821},
{"learn":[0.3996871985],"iteration":83,"passed_time":0.9488779656,"remaining_time":10.34728829},
{"learn":[0.3984508302],"iteration":84,"passed_time":0.9583198297,"remaining_time":10.31603111},
{"learn":[0.3974462477],"iteration":85,"passed_time":0.9672196825,"remaining_time":10.27952081},
{"learn":[0.3953892299],"iteration":86,"passed_time":0.9747559627,"remaining_time":10.22933556},
{"learn":[0.394830337],"iteration":87,"passed_time":0.9830265831,"remaining_time":10.18773004},
{"learn":[0.3941847536],"iteration":88,"passed_time":0.9907476351,"remaining_time":10.14124826},
{"learn":[0.3934815635],"iteration":89,"passed_time":0.9991297469,"remaining_time":10.10231189},
{"learn":[0.3926282536],"iteration":90,"passed_time":1.006787061,"remaining_time":10.05680702},
{"learn":[0.3921399724],"iteration":91,"passed_time":1.015078769,"remaining_time":10.01838611},
{"learn":[0.3906612073],"iteration":92,"passed_time":1.023907061,"remaining_time":9.985846282},
{"learn":[0.3896586051],"iteration":93,"passed_time":1.032682677,"remaining_time":9.953303253},
{"learn":[0.3886819244],"iteration":94,"passed_time":1.041347123,"remaining_time":9.920201542},
{"learn":[0.3882048748],"iteration":95,"passed_time":1.052926468,"remaining_time":9.91505757},
{"learn":[0.3875542075],"iteration":96,"passed_time":1.063958712,"remaining_time":9.904687805},
{"learn":[0.3865124423],"iteration":97,"passed_time":1.074250863,"remaining_time":9.88749264},
{"learn":[0.3858308584],"iteration":98,"passed_time":1.084089057,"remaining_time":9.866305454},
{"learn":[0.3849430555],"iteration":99,"passed_time":1.095941236,"remaining_time":9.863471124},
{"learn":[0.384414695],"iteration":100,"passed_time":1.107186243,"remaining_time":9.855053787},
{"learn":[0.3835676807],"iteration":101,"passed_time":1.118117802,"remaining_time":9.843821432},
{"learn":[0.3828743923],"iteration":102,"passed_time":1.127737026,"remaining_time":9.821166136},
{"learn":[0.3821300294],"iteration":103,"passed_time":1.137553104,"remaining_time":9.800457511},
{"learn":[0.3816058069],"iteration":104,"passed_time":1.145935355,"remaining_time":9.767734692},
{"learn":[0.3811129147],"iteration":105,"passed_time":1.164649102,"remaining_time":9.822606575},
{"learn":[0.380260994],"iteration":106,"passed_time":1.173823223,"remaining_time":9.796487275},
{"learn":[0.3795566808],"iteration":107,"passed_time":1.186563949,"remaining_time":9.800139286},
{"learn":[0.3788763088],"iteration":108,"passed_time":1.197796023,"remaining_time":9.791158319},
{"learn":[0.3784376241],"iteration":109,"passed_time":1.207600747,"remaining_time":9.770587866},
{"learn":[0.377748385],"iteration":110,"passed_time":1.217193798,"remaining_time":9.748516092},
{"learn":[0.3774030413],"iteration":111,"passed_time":1.227243603,"remaining_time":9.730288564},
{"learn":[0.3771463094],"iteration":112,"passed_time":1.23662682,"remaining_time":9.706973357},
{"learn":[0.3766797821],"iteration":113,"passed_time":1.245605348,"remaining_time":9.680757356},
{"learn":[0.3762844575],"iteration":114,"passed_time":1.255323773,"remaining_time":9.660535123},
{"learn":[0.3755567352],"iteration":115,"passed_time":1.263427642,"remaining_time":9.628189958},
{"learn":[0.375188071],"iteration":116,"passed_time":1.272604066,"remaining_time":9.604353763},
{"learn":[0.3748984422],"iteration":117,"passed_time":1.281018104,"remaining_time":9.575067521},
{"learn":[0.3744022397],"iteration":118,"passed_time":1.289670728,"remaining_time":9.547898417},
{"learn":[0.3737751589],"iteration":119,"passed_time":1.297449163,"remaining_time":9.514627196},
{"learn":[0.3731224226],"iteration":120,"passed_time":1.306294717,"remaining_time":9.48952939},
{"learn":[0.3728278578],"iteration":121,"passed_time":1.314104601,"remaining_time":9.457244588},
{"learn":[0.3723358524],"iteration":122,"passed_time":1.321487978,"remaining_time":9.422316718},
{"learn":[0.3720142725],"iteration":123,"passed_time":1.329218998,"remaining_time":9.390289052},
{"learn":[0.3714776951],"iteration":124,"passed_time":1.339970861,"remaining_time":9.379796028},
{"learn":[0.3711851402],"iteration":125,"passed_time":1.34812999,"remaining_time":9.351314372},
{"learn":[0.3709115017],"iteration":126,"passed_time":1.35584294,"remaining_time":9.320085722},
{"learn":[0.3703194163],"iteration":127,"passed_time":1.36425106,"remaining_time":9.293960343},
{"learn":[0.3699704667],"iteration":128,"passed_time":1.372532874,"remaining_time":9.267256849},
{"learn":[0.369226222],"iteration":129,"passed_time":1.380778007,"remaining_time":9.240591275},
{"learn":[0.3688822379],"iteration":130,"passed_time":1.388485697,"remaining_time":9.210641759},
{"learn":[0.3683065271],"iteration":131,"passed_time":1.396625324,"remaining_time":9.183869556},
{"learn":[0.3677641566],"iteration":132,"passed_time":1.404338435,"remaining_time":9.154597168},
{"learn":[0.367370103],"iteration":133,"passed_time":1.412618363,"remaining_time":9.12930972},
{"learn":[0.3668237718],"iteration":134,"passed_time":1.420437433,"remaining_time":9.10132133},
{"learn":[0.3661921688],"iteration":135,"passed_time":1.42850955,"remaining_time":9.075237142},
{"learn":[0.3658963035],"iteration":136,"passed_time":1.435912236,"remaining_time":9.045198975},
{"learn":[0.3655572554],"iteration":137,"passed_time":1.443795417,"remaining_time":9.018490213},
{"learn":[0.3653726721],"iteration":138,"passed_time":1.451435465,"remaining_time":8.990546297},
{"learn":[0.3650761861],"iteration":139,"passed_time":1.459246717,"remaining_time":8.963944116},
{"learn":[0.3646674722],"iteration":140,"passed_time":1.466847893,"remaining_time":8.936328654},
{"learn":[0.3643179018],"iteration":141,"passed_time":1.477291006,"remaining_time":8.926166781},
{"learn":[0.3640240168],"iteration":142,"passed_time":1.485085646,"remaining_time":8.900128664},
{"learn":[0.3638156106],"iteration":143,"passed_time":1.493130007,"remaining_time":8.875828373},
{"learn":[0.3632533482],"iteration":144,"passed_time":1.500973348,"remaining_time":8.850566982},
{"learn":[0.3629393349],"iteration":145,"passed_time":1.508973835,"remaining_time":8.82646339},
{"learn":[0.3622593471],"iteration":146,"passed_time":1.516668116,"remaining_time":8.80080206},
{"learn":[0.3620636799],"iteration":147,"passed_time":1.524666999,"remaining_time":8.777137051},
{"learn":[0.3617496075],"iteration":148,"passed_time":1.533121387,"remaining_time":8.756283896},
{"learn":[0.3612672376],"iteration":149,"passed_time":1.541029589,"remaining_time":8.732501006},
{"learn":[0.3606601373],"iteration":150,"passed_time":1.548591303,"remaining_time":8.706980237},
{"learn":[0.3603504393],"iteration":151,"passed_time":1.556396739,"remaining_time":8.683055491},
{"learn":[0.3601122692],"iteration":152,"passed_time":1.564117831,"remaining_time":8.658874529},
{"learn":[0.3597666891],"iteration":153,"passed_time":1.572033723,"remaining_time":8.635977465},
{"learn":[0.359133283],"iteration":154,"passed_time":1.579655566,"remaining_time":8.611670668},
{"learn":[0.3588816645],"iteration":155,"passed_time":1.587880966,"remaining_time":8.590843174},
{"learn":[0.3585973264],"iteration":156,"passed_time":1.597017063,"remaining_time":8.575066139},
{"learn":[0.358161361],"iteration":157,"passed_time":1.605292569,"remaining_time":8.55478698},
{"learn":[0.3576790798],"iteration":158,"passed_time":1.616003397,"remaining_time":8.547539978},
{"learn":[0.3565859446],"iteration":159,"passed_time":1.624092979,"remaining_time":8.52648814},
{"learn":[0.3562862369],"iteration":160,"passed_time":1.631487579,"remaining_time":8.501975643},
{"learn":[0.3560708256],"iteration":161,"passed_time":1.639247989,"remaining_time":8.479566757},
{"learn":[0.3558292269],"iteration":162,"passed_time":1.646841204,"remaining_time":8.456479068},
{"learn":[0.3556607521],"iteration":163,"passed_time":1.655052372,"remaining_time":8.436730386},
{"learn":[0.3553315761],"iteration":164,"passed_time":1.662380458,"remaining_time":8.412652623},
{"learn":[0.3549041822],"iteration":165,"passed_time":1.671218589,"remaining_time":8.396363273},
{"learn":[0.3546280905],"iteration":166,"passed_time":1.678504441,"remaining_time":8.372420357},
{"learn":[0.3539964874],"iteration":167,"passed_time":1.686686788,"remaining_time":8.353115521},
{"learn":[0.3529168598],"iteration":168,"passed_time":1.694297772,"remaining_time":8.331132834},
{"learn":[0.3526902169],"iteration":169,"passed_time":1.703949702,"remaining_time":8.319283841},
{"learn":[0.3524207164],"iteration":170,"passed_time":1.711781933,"remaining_time":8.298638726},
{"learn":[0.352124585],"iteration":171,"passed_time":1.71997004,"remaining_time":8.279855775},
{"learn":[0.3518725527],"iteration":172,"passed_time":1.727666324,"remaining_time":8.25884422},
{"learn":[0.3516405009],"iteration":173,"passed_time":1.735833437,"remaining_time":8.2402208},
{"learn":[0.3513947346],"iteration":174,"passed_time":1.743788268,"remaining_time":8.220716121},
{"learn":[0.3507916245],"iteration":175,"passed_time":1.754872208,"remaining_time":8.215992609},
{"learn":[0.3504083001],"iteration":176,"passed_time":1.76275535,"remaining_time":8.196314424},
{"learn":[0.3498954865],"iteration":177,"passed_time":1.770180764,"remaining_time":8.174654989},
{"learn":[0.3496516415],"iteration":178,"passed_time":1.778184797,"remaining_time":8.155808481},
{"learn":[0.3494384766],"iteration":179,"passed_time":1.785836508,"remaining_time":8.135477423},
{"learn":[0.3490830244],"iteration":180,"passed_time":1.793399618,"remaining_time":8.114885565},
{"learn":[0.3488896626],"iteration":181,"passed_time":1.801016375,"remaining_time":8.094677994},
{"learn":[0.3484486134],"iteration":182,"passed_time":1.808592733,"remaining_time":8.074427668},
{"learn":[0.3479066567],"iteration":183,"passed_time":1.816237047,"remaining_time":8.054616471},
{"learn":[0.3476222595],"iteration":184,"passed_time":1.823825755,"remaining_time":8.034691837},
{"learn":[0.3473499511],"iteration":185,"passed_time":1.831597827,"remaining_time":8.01570232},
{"learn":[0.3467633042],"iteration":186,"passed_time":1.839300818,"remaining_time":7.996532435},
{"learn":[0.3464455962],"iteration":187,"passed_time":1.84757144,"remaining_time":7.979936218},
{"learn":[0.346209702],"iteration":188,"passed_time":1.855295835,"remaining_time":7.961084243},
{"learn":[0.3459697289],"iteration":189,"passed_time":1.863553781,"remaining_time":7.944624016},
{"learn":[0.3455911041],"iteration":190,"passed_time":1.871065621,"remaining_time":7.925089463},
{"learn":[0.3453949049],"iteration":191,"passed_time":1.879229412,"remaining_time":7.908423775},
{"learn":[0.3452583221],"iteration":192,"passed_time":1.889331078,"remaining_time":7.899949119},
{"learn":[0.344941353],"iteration":193,"passed_time":1.90047713,"remaining_time":7.895796735},
{"learn":[0.3446592908],"iteration":194,"passed_time":1.908398289,"remaining_time":7.878259605},
{"learn":[0.3445060675],"iteration":195,"passed_time":1.91633543,"remaining_time":7.860886152},
{"learn":[0.3440785553],"iteration":196,"passed_time":1.924114347,"remaining_time":7.842963557},
{"learn":[0.3438369566],"iteration":197,"passed_time":1.932525423,"remaining_time":7.827703988},
{"learn":[0.3434877409],"iteration":198,"passed_time":1.940568049,"remaining_time":7.811030187},
{"learn":[0.343335493],"iteration":199,"passed_time":1.94849727,"remaining_time":7.793989079},
{"learn":[0.3431468308],"iteration":200,"passed_time":1.956346273,"remaining_time":7.776719763},
{"learn":[0.3428677243],"iteration":201,"passed_time":1.963994076,"remaining_time":7.758748875},
{"learn":[0.3426358793],"iteration":202,"passed_time":1.971733123,"remaining_time":7.741237925},
{"learn":[0.3424263795],"iteration":203,"passed_time":1.979225276,"remaining_time":7.72285941},
{"learn":[0.3422909494],"iteration":204,"passed_time":1.986962626,"remaining_time":7.705537988},
{"learn":[0.3419736553],"iteration":205,"passed_time":1.994271568,"remaining_time":7.686658372},
{"learn":[0.341852915],"iteration":206,"passed_time":2.001849143,"remaining_time":7.668919664},
{"learn":[0.3416336023],"iteration":207,"passed_time":2.009519428,"remaining_time":7.651631667},
{"learn":[0.3413921809],"iteration":208,"passed_time":2.01716585,"remaining_time":7.634345392},
{"learn":[0.3411645922],"iteration":209,"passed_time":2.024903208,"remaining_time":7.617493021},
{"learn":[0.340867781],"iteration":210,"passed_time":2.033050616,"remaining_time":7.602260359},
{"learn":[0.3407473954],"iteration":211,"passed_time":2.045869598,"remaining_time":7.604458695},
{"learn":[0.34057363],"iteration":212,"passed_time":2.055071501,"remaining_time":7.59315151},
{"learn":[0.3404317269],"iteration":213,"passed_time":2.063492642,"remaining_time":7.578996339},
{"learn":[0.3402775873],"iteration":214,"passed_time":2.071692938,"remaining_time":7.56408817},
{"learn":[0.3399843821],"iteration":215,"passed_time":2.080182963,"remaining_time":7.550293717},
{"learn":[0.3396581913],"iteration":216,"passed_time":2.088948163,"remaining_time":7.537541067},
{"learn":[0.3394643567],"iteration":217,"passed_time":2.096828532,"remaining_time":7.521650973},
{"learn":[0.3392984238],"iteration":218,"passed_time":2.104898827,"remaining_time":7.506511343},
{"learn":[0.3389949328],"iteration":219,"passed_time":2.112249662,"remaining_time":7.488885164},
{"learn":[0.338824389],"iteration":220,"passed_time":2.119911107,"remaining_time":7.472446842},
{"learn":[0.338674476],"iteration":221,"passed_time":2.127422183,"remaining_time":7.455560624},
{"learn":[0.3384732521],"iteration":222,"passed_time":2.135270205,"remaining_time":7.439932507},
{"learn":[0.338226008],"iteration":223,"passed_time":2.143916078,"remaining_time":7.427137842},
{"learn":[0.3379474926],"iteration":224,"passed_time":2.151695007,"remaining_time":7.411393912},
{"learn":[0.3377500816],"iteration":225,"passed_time":2.15925716,"remaining_time":7.39497806},
{"learn":[0.3375777053],"iteration":226,"passed_time":2.167282647,"remaining_time":7.380218001},
{"learn":[0.3374035851],"iteration":227,"passed_time":2.174877502,"remaining_time":7.36405891},
{"learn":[0.3371901247],"iteration":228,"passed_time":2.182787618,"remaining_time":7.349036042},
{"learn":[0.336989551],"iteration":229,"passed_time":2.190260567,"remaining_time":7.332611463},
{"learn":[0.3368307709],"iteration":230,"passed_time":2.198355134,"remaining_time":7.318333758},
{"learn":[0.3366415472],"iteration":231,"passed_time":2.206284651,"remaining_time":7.303562982},
{"learn":[0.3364576437],"iteration":232,"passed_time":2.214324792,"remaining_time":7.289215087},
{"learn":[0.3362669125],"iteration":233,"passed_time":2.221895269,"remaining_time":7.273383658},
{"learn":[0.3361019846],"iteration":234,"passed_time":2.230869733,"remaining_time":7.262192961},
{"learn":[0.3358280801],"iteration":235,"passed_time":2.242088377,"remaining_time":7.258286102},
{"learn":[0.3352896111],"iteration":236,"passed_time":2.250621211,"remaining_time":7.24567082},
{"learn":[0.3350477168],"iteration":237,"passed_time":2.258093758,"remaining_time":7.229695141},
{"learn":[0.3348405815],"iteration":238,"passed_time":2.265458949,"remaining_time":7.213448786},
{"learn":[0.3345892881],"iteration":239,"passed_time":2.272800326,"remaining_time":7.197201033},
{"learn":[0.3343087333],"iteration":240,"passed_time":2.280672715,"remaining_time":7.182699548},
{"learn":[0.3341439531],"iteration":241,"passed_time":2.288079085,"remaining_time":7.166793168},
{"learn":[0.3335454539],"iteration":242,"passed_time":2.295905638,"remaining_time":7.15226571},
{"learn":[0.3332107211],"iteration":243,"passed_time":2.303584506,"remaining_time":7.1373356},
{"learn":[0.3329953395],"iteration":244,"passed_time":2.311449275,"remaining_time":7.123037563},
{"learn":[0.3328589045],"iteration":245,"passed_time":2.318779831,"remaining_time":7.107154441},
{"learn":[0.3325993055],"iteration":246,"passed_time":2.326783621,"remaining_time":7.093392983},
{"learn":[0.3324939054],"iteration":247,"passed_time":2.334205251,"remaining_time":7.077912695},
{"learn":[0.3322236068],"iteration":248,"passed_time":2.342128071,"remaining_time":7.06400876},
{"learn":[0.3319224508],"iteration":249,"passed_time":2.349568774,"remaining_time":7.048706323},
{"learn":[0.3316014029],"iteration":250,"passed_time":2.357663413,"remaining_time":7.035417914},
{"learn":[0.3314418543],"iteration":251,"passed_time":2.365164672,"remaining_time":7.020409422},
{"learn":[0.3311683636],"iteration":252,"passed_time":2.372949572,"remaining_time":7.006297747},
{"learn":[0.3310338794],"iteration":253,"passed_time":2.380639432,"remaining_time":6.991956758},
{"learn":[0.3308226948],"iteration":254,"passed_time":2.388320756,"remaining_time":6.977642993},
{"learn":[0.3306772745],"iteration":255,"passed_time":2.395781909,"remaining_time":6.962741172},
{"learn":[0.3305448592],"iteration":256,"passed_time":2.403872827,"remaining_time":6.949717939},
{"learn":[0.3303684336],"iteration":257,"passed_time":2.411282868,"remaining_time":6.934774761},
{"learn":[0.3301765202],"iteration":258,"passed_time":2.419265589,"remaining_time":6.921528192},
{"learn":[0.3298343391],"iteration":259,"passed_time":2.42677829,"remaining_time":6.906984365},
{"learn":[0.3295739421],"iteration":260,"passed_time":2.437268893,"remaining_time":6.900926099},
{"learn":[0.3294010338],"iteration":261,"passed_time":2.445250306,"remaining_time":6.887766129},
{"learn":[0.3292637416],"iteration":262,"passed_time":2.453160643,"remaining_time":6.874446365},
{"learn":[0.3291094542],"iteration":263,"passed_time":2.460534989,"remaining_time":6.859673302},
{"learn":[0.3289919948],"iteration":264,"passed_time":2.468471588,"remaining_time":6.846515536},
{"learn":[0.328633646],"iteration":265,"passed_time":2.476153317,"remaining_time":6.832693739},
{"learn":[0.328411082],"iteration":266,"passed_time":2.483810827,"remaining_time":6.818851446},
{"learn":[0.3282480161],"iteration":267,"passed_time":2.491485022,"remaining_time":6.805100882},
{"learn":[0.3281213054],"iteration":268,"passed_time":2.49917298,"remaining_time":6.791432892},
{"learn":[0.3278710169],"iteration":269,"passed_time":2.507033806,"remaining_time":6.778276587},
{"learn":[0.3277387199],"iteration":270,"passed_time":2.514772447,"remaining_time":6.764830677},
{"learn":[0.3275563238],"iteration":271,"passed_time":2.52202788,"remaining_time":6.750133445},
{"learn":[0.3273774745],"iteration":272,"passed_time":2.529791729,"remaining_time":6.73684464},
{"learn":[0.3271423192],"iteration":273,"passed_time":2.537624625,"remaining_time":6.723779116},
{"learn":[0.3270245642],"iteration":274,"passed_time":2.545457511,"remaining_time":6.71075162},
{"learn":[0.3267486203],"iteration":275,"passed_time":2.553235382,"remaining_time":6.697617451},
{"learn":[0.3266037911],"iteration":276,"passed_time":2.560869289,"remaining_time":6.684146194},
{"learn":[0.3263976312],"iteration":277,"passed_time":2.571096874,"remaining_time":6.677453033},
{"learn":[0.3261491752],"iteration":278,"passed_time":2.579293539,"remaining_time":6.66548617},
{"learn":[0.325871517],"iteration":279,"passed_time":2.586659994,"remaining_time":6.651411412},
{"learn":[0.3257077122],"iteration":280,"passed_time":2.594537604,"remaining_time":6.638692303},
{"learn":[0.3254856802],"iteration":281,"passed_time":2.601970356,"remaining_time":6.624874878},
{"learn":[0.3252466234],"iteration":282,"passed_time":2.609498813,"remaining_time":6.611345049},
{"learn":[0.3250161677],"iteration":283,"passed_time":2.616818276,"remaining_time":6.597330582},
{"learn":[0.3248788164],"iteration":284,"passed_time":2.624415609,"remaining_time":6.584060211},
{"learn":[0.324751278],"iteration":285,"passed_time":2.632067027,"remaining_time":6.570964536},
{"learn":[0.3246167642],"iteration":286,"passed_time":2.639452275,"remaining_time":6.557245547},
{"learn":[0.3245131375],"iteration":287,"passed_time":2.647111091,"remaining_time":6.544246864},
{"learn":[0.3242729575],"iteration":288,"passed_time":2.654472978,"remaining_time":6.530554628},
{"learn":[0.324154966],"iteration":289,"passed_time":2.662210378,"remaining_time":6.517825408},
{"learn":[0.3240180581],"iteration":290,"passed_time":2.669668709,"remaining_time":6.504450566},
{"learn":[0.3238252284],"iteration":291,"passed_time":2.677747932,"remaining_time":6.492621697},
{"learn":[0.3236051176],"iteration":292,"passed_time":2.685423096,"remaining_time":6.479843442},
{"learn":[0.3233367403],"iteration":293,"passed_time":2.693369858,"remaining_time":6.467752109},
{"learn":[0.3231844332],"iteration":294,"passed_time":2.701291866,"remaining_time":6.455629714},
{"learn":[0.3229117701],"iteration":295,"passed_time":2.711628281,"remaining_time":6.449278073},
{"learn":[0.3227482904],"iteration":296,"passed_time":2.720570174,"remaining_time":6.439598762},
{"learn":[0.3226669496],"iteration":297,"passed_time":2.728412547,"remaining_time":6.427334255},
{"learn":[0.3224091832],"iteration":298,"passed_time":2.735928894,"remaining_time":6.414334966},
{"learn":[0.3221259978],"iteration":299,"passed_time":2.743678015,"remaining_time":6.401915369},
{"learn":[0.3218827735],"iteration":300,"passed_time":2.751197118,"remaining_time":6.388992642},
{"learn":[0.3215684942],"iteration":301,"passed_time":2.758920986,"remaining_time":6.376578967},
{"learn":[0.3213733294],"iteration":302,"passed_time":2.766671326,"remaining_time":6.364257143},
{"learn":[0.3212381063],"iteration":303,"passed_time":2.774408516,"remaining_time":6.351935287},
{"learn":[0.320936832],"iteration":304,"passed_time":2.781768125,"remaining_time":6.338783104},
{"learn":[0.3207383274],"iteration":305,"passed_time":2.78971166,"remaining_time":6.326993112},
{"learn":[0.3205990549],"iteration":306,"passed_time":2.79734891,"remaining_time":6.31453679},
{"learn":[0.3204786693],"iteration":307,"passed_time":2.805372913,"remaining_time":6.3029807},
{"learn":[0.3203749539],"iteration":308,"passed_time":2.812840667,"remaining_time":6.290203562},
{"learn":[0.320141572],"iteration":309,"passed_time":2.820618627,"remaining_time":6.278151136},
{"learn":[0.3199626636],"iteration":310,"passed_time":2.827890434,"remaining_time":6.265004853},
{"learn":[0.3198537757],"iteration":311,"passed_time":2.835731311,"remaining_time":6.253151097},
{"learn":[0.3195739598],"iteration":312,"passed_time":2.845017501,"remaining_time":6.244495283},
{"learn":[0.319341376],"iteration":313,"passed_time":2.85574792,"remaining_time":6.238990679},
{"learn":[0.3192634638],"iteration":314,"passed_time":2.864204532,"remaining_time":6.228508268},
{"learn":[0.319016131],"iteration":315,"passed_time":2.87187573,"remaining_time":6.216338606},
{"learn":[0.3188960706],"iteration":316,"passed_time":2.879374968,"remaining_time":6.203826823},
{"learn":[0.318738059],"iteration":317,"passed_time":2.887228885,"remaining_time":6.19210723},
{"learn":[0.318571535],"iteration":318,"passed_time":2.894649741,"remaining_time":6.179487378},
{"learn":[0.318432026],"iteration":319,"passed_time":2.902830508,"remaining_time":6.168514829},
{"learn":[0.3182824086],"iteration":320,"passed_time":2.910336174,"remaining_time":6.156131657},
{"learn":[0.3181322001],"iteration":321,"passed_time":2.918411855,"remaining_time":6.144979},
{"learn":[0.3179040793],"iteration":322,"passed_time":2.925754629,"remaining_time":6.132309237},
{"learn":[0.3177507969],"iteration":323,"passed_time":2.933860472,"remaining_time":6.121264441},
{"learn":[0.3176104603],"iteration":324,"passed_time":2.941507621,"remaining_time":6.109285059},
{"learn":[0.3174773948],"iteration":325,"passed_time":2.94960472,"remaining_time":6.098262519},
{"learn":[0.3173484082],"iteration":326,"passed_time":2.957153473,"remaining_time":6.086129319},
{"learn":[0.3171437557],"iteration":327,"passed_time":2.965380431,"remaining_time":6.075413567},
{"learn":[0.3169975669],"iteration":328,"passed_time":2.972764676,"remaining_time":6.062994217},
{"learn":[0.3166957901],"iteration":329,"passed_time":2.980813468,"remaining_time":6.051954617},
{"learn":[0.3165863111],"iteration":330,"passed_time":2.988203318,"remaining_time":6.039601267},
{"learn":[0.3163441803],"iteration":331,"passed_time":2.998719299,"remaining_time":6.033567747},
{"learn":[0.3162742485],"iteration":332,"passed_time":3.006145088,"remaining_time":6.021317639},
{"learn":[0.316085143],"iteration":333,"passed_time":3.013859732,"remaining_time":6.009672399},
{"learn":[0.3159264516],"iteration":334,"passed_time":3.021789165,"remaining_time":5.998476999},
{"learn":[0.3158241549],"iteration":335,"passed_time":3.029796649,"remaining_time":5.987455283},
{"learn":[0.3157159764],"iteration":336,"passed_time":3.037361515,"remaining_time":5.975580665},
{"learn":[0.3155697876],"iteration":337,"passed_time":3.045296127,"remaining_time":5.964455729},
{"learn":[0.31532878],"iteration":338,"passed_time":3.053114513,"remaining_time":5.953122989},
{"learn":[0.3151792808],"iteration":339,"passed_time":3.060967986,"remaining_time":5.941879032},
{"learn":[0.3149910915],"iteration":340,"passed_time":3.068735609,"remaining_time":5.930489051},
{"learn":[0.3148778292],"iteration":341,"passed_time":3.076556243,"remaining_time":5.919222245},
{"learn":[0.3145838851],"iteration":342,"passed_time":3.084378935,"remaining_time":5.907979475},
{"learn":[0.3144782189],"iteration":343,"passed_time":3.092241305,"remaining_time":5.896832257},
{"learn":[0.3142831428],"iteration":344,"passed_time":3.100823667,"remaining_time":5.887071019},
{"learn":[0.3140335342],"iteration":345,"passed_time":3.10887979,"remaining_time":5.876321915},
{"learn":[0.3138259851],"iteration":346,"passed_time":3.116473839,"remaining_time":5.86471878},
{"learn":[0.3137146735],"iteration":347,"passed_time":3.124327576,"remaining_time":5.853625228},
{"learn":[0.3135104348],"iteration":348,"passed_time":3.13344349,"remaining_time":5.844904618},
{"learn":[0.3133662559],"iteration":349,"passed_time":3.145344225,"remaining_time":5.84135356},
{"learn":[0.3132357914],"iteration":350,"passed_time":3.153326214,"remaining_time":5.830509154},
{"learn":[0.3131703522],"iteration":351,"passed_time":3.162352222,"remaining_time":5.821602954},
{"learn":[0.3130435232],"iteration":352,"passed_time":3.170260107,"remaining_time":5.810646711},
{"learn":[0.3129174036],"iteration":353,"passed_time":3.178029698,"remaining_time":5.799455325},
{"learn":[0.3127995895],"iteration":354,"passed_time":3.185871753,"remaining_time":5.788414876},
{"learn":[0.3125961488],"iteration":355,"passed_time":3.193737293,"remaining_time":5.777434879},
{"learn":[0.3124113882],"iteration":356,"passed_time":3.20135561,"remaining_time":5.76602705},
{"learn":[0.3122548249],"iteration":357,"passed_time":3.20928063,"remaining_time":5.755190404},
{"learn":[0.3120597784],"iteration":358,"passed_time":3.216841872,"remaining_time":5.743720445},
{"learn":[0.3119212744],"iteration":359,"passed_time":3.225071773,"remaining_time":5.73346093},
{"learn":[0.3117840709],"iteration":360,"passed_time":3.232761422,"remaining_time":5.722256367},
{"learn":[0.3115948472],"iteration":361,"passed_time":3.240576606,"remaining_time":5.711292472},
{"learn":[0.3114595649],"iteration":362,"passed_time":3.248113845,"remaining_time":5.69985818},
{"learn":[0.3112500355],"iteration":363,"passed_time":3.255893247,"remaining_time":5.688868421},
{"learn":[0.3110454716],"iteration":364,"passed_time":3.263465421,"remaining_time":5.677535733},
{"learn":[0.310842297],"iteration":365,"passed_time":3.271235271,"remaining_time":5.666566016},
{"learn":[0.3107154089],"iteration":366,"passed_time":3.279230616,"remaining_time":5.656002671},
{"learn":[0.3105835848],"iteration":367,"passed_time":3.290463685,"remaining_time":5.65101372},
{"learn":[0.3104055335],"iteration":368,"passed_time":3.299193144,"remaining_time":5.641709685},
{"learn":[0.3102455121],"iteration":369,"passed_time":3.306919778,"remaining_time":5.630701243},
{"learn":[0.3101161116],"iteration":370,"passed_time":3.314639043,"remaining_time":5.619697999},
{"learn":[0.3099257943],"iteration":371,"passed_time":3.321864189,"remaining_time":5.607878254},
{"learn":[0.3098040491],"iteration":372,"passed_time":3.329458459,"remaining_time":5.596703629},
{"learn":[0.3097130727],"iteration":373,"passed_time":3.336866977,"remaining_time":5.58523724},
{"learn":[0.3095357308],"iteration":374,"passed_time":3.344762328,"remaining_time":5.57460388},
{"learn":[0.3094433653],"iteration":375,"passed_time":3.352119448,"remaining_time":5.56309185},
{"learn":[0.3093326744],"iteration":376,"passed_time":3.359626419,"remaining_time":5.551849493},
{"learn":[0.3091323372],"iteration":377,"passed_time":3.367256054,"remaining_time":5.540828745},
{"learn":[0.3089573599],"iteration":378,"passed_time":3.375085947,"remaining_time":5.530154019},
{"learn":[0.3088174963],"iteration":379,"passed_time":3.38336863,"remaining_time":5.520233028},
{"learn":[0.308622302],"iteration":380,"passed_time":3.391187361,"remaining_time":5.509566868},
{"learn":[0.3084105854],"iteration":381,"passed_time":3.399265992,"remaining_time":5.499336081},
{"learn":[0.3082274799],"iteration":382,"passed_time":3.406531595,"remaining_time":5.487806773},
{"learn":[0.3080923159],"iteration":383,"passed_time":3.414792218,"remaining_time":5.47789585},
{"learn":[0.3078531704],"iteration":384,"passed_time":3.424653216,"remaining_time":5.470549942},
{"learn":[0.3076982918],"iteration":385,"passed_time":3.432593349,"remaining_time":5.460135534},
{"learn":[0.3074652942],"iteration":386,"passed_time":3.44032669,"remaining_time":5.449406359},
{"learn":[0.3072052224],"iteration":387,"passed_time":3.447940435,"remaining_time":5.438503985},
{"learn":[0.3070417132],"iteration":388,"passed_time":3.455255782,"remaining_time":5.427149827},
{"learn":[0.3069338006],"iteration":389,"passed_time":3.463149001,"remaining_time":5.416720232},
{"learn":[0.3066737288],"iteration":390,"passed_time":3.470487306,"remaining_time":5.405439309},
{"learn":[0.3065373825],"iteration":391,"passed_time":3.479323868,"remaining_time":5.396502326},
{"learn":[0.3063815285],"iteration":392,"passed_time":3.486999454,"remaining_time":5.385772693},
{"learn":[0.3061320972],"iteration":393,"passed_time":3.494946954,"remaining_time":5.375476787},
{"learn":[0.306009288],"iteration":394,"passed_time":3.502387135,"remaining_time":5.364415739},
{"learn":[0.30579766],"iteration":395,"passed_time":3.510191581,"remaining_time":5.353928573},
{"learn":[0.3056322001],"iteration":396,"passed_time":3.517708515,"remaining_time":5.343018223},
{"learn":[0.3055239624],"iteration":397,"passed_time":3.52563241,"remaining_time":5.33274048},
{"learn":[0.3054201583],"iteration":398,"passed_time":3.532843954,"remaining_time":5.321401544},
{"learn":[0.3051373572],"iteration":399,"passed_time":3.541682526,"remaining_time":5.312523789},
{"learn":[0.3049742027],"iteration":400,"passed_time":3.549116714,"remaining_time":5.301548409},
{"learn":[0.3047100815],"iteration":401,"passed_time":3.559502218,"remaining_time":5.294980912},
{"learn":[0.3044857441],"iteration":402,"passed_time":3.566985096,"remaining_time":5.284094546},
{"learn":[0.3043481268],"iteration":403,"passed_time":3.574872705,"remaining_time":5.273822109},
{"learn":[0.3042189037],"iteration":404,"passed_time":3.582339771,"remaining_time":5.262943613},
{"learn":[0.304079779],"iteration":405,"passed_time":3.59028947,"remaining_time":5.252788043},
{"learn":[0.3038364955],"iteration":406,"passed_time":3.597599295,"remaining_time":5.241711012},
{"learn":[0.3036942969],"iteration":407,"passed_time":3.605369589,"remaining_time":5.23132058},
{"learn":[0.3036104438],"iteration":408,"passed_time":3.613024072,"remaining_time":5.220775615},
{"learn":[0.3034183825],"iteration":409,"passed_time":3.62111611,"remaining_time":5.210874402},
{"learn":[0.3032483117],"iteration":410,"passed_time":3.628505634,"remaining_time":5.199975228},
{"learn":[0.3029137267],"iteration":411,"passed_time":3.636459646,"remaining_time":5.189898718},
{"learn":[0.3028638346],"iteration":412,"passed_time":3.644560146,"remaining_time":5.180040692},
{"learn":[0.3027055865],"iteration":413,"passed_time":3.652204551,"remaining_time":5.169545572},
{"learn":[0.302632167],"iteration":414,"passed_time":3.659775088,"remaining_time":5.158960064},
{"learn":[0.3025005793],"iteration":415,"passed_time":3.66735322,"remaining_time":5.148399713},
{"learn":[0.3023684005],"iteration":416,"passed_time":3.674716673,"remaining_time":5.137553526},
{"learn":[0.3022657787],"iteration":417,"passed_time":3.682323854,"remaining_time":5.127063356},
{"learn":[0.3020148991],"iteration":418,"passed_time":3.692066686,"remaining_time":5.119548317},
{"learn":[0.301860789],"iteration":419,"passed_time":3.701192463,"remaining_time":5.111170544},
{"learn":[0.3016632006],"iteration":420,"passed_time":3.708787255,"remaining_time":5.100683659},
{"learn":[0.3014732379],"iteration":421,"passed_time":3.716989402,"remaining_time":5.091042357},
{"learn":[0.3013436897],"iteration":422,"passed_time":3.724656384,"remaining_time":5.080677857},
{"learn":[0.3011899639],"iteration":423,"passed_time":3.732385635,"remaining_time":5.070410674},
{"learn":[0.301035174],"iteration":424,"passed_time":3.740489242,"remaining_time":5.060661916},
{"learn":[0.3009124239],"iteration":425,"passed_time":3.748881108,"remaining_time":5.051309287},
{"learn":[0.3007715553],"iteration":426,"passed_time":3.756472396,"remaining_time":5.040886846},
{"learn":[0.3005370503],"iteration":427,"passed_time":3.764649931,"remaining_time":5.031261123},
{"learn":[0.3004213643],"iteration":428,"passed_time":3.772032609,"remaining_time":5.020584195},
{"learn":[0.3003144271],"iteration":429,"passed_time":3.779785635,"remaining_time":5.010413516},
{"learn":[0.3002244261],"iteration":430,"passed_time":3.787217494,"remaining_time":4.999830056},
{"learn":[0.3000823457],"iteration":431,"passed_time":3.794765153,"remaining_time":4.989413442},
{"learn":[0.2998722252],"iteration":432,"passed_time":3.802257035,"remaining_time":4.978937041},
{"learn":[0.2996673953],"iteration":433,"passed_time":3.810798085,"remaining_time":4.969842664},
{"learn":[0.2993668896],"iteration":434,"passed_time":3.819360796,"remaining_time":4.960778964},
{"learn":[0.2991281579],"iteration":435,"passed_time":3.827389485,"remaining_time":4.951026765},
{"learn":[0.298878165],"iteration":436,"passed_time":3.837881376,"remaining_time":4.944455869},
{"learn":[0.2987165179],"iteration":437,"passed_time":3.845731264,"remaining_time":4.934477101},
{"learn":[0.2986035215],"iteration":438,"passed_time":3.853078574,"remaining_time":4.923865786},
{"learn":[0.2984591948],"iteration":439,"passed_time":3.861288711,"remaining_time":4.91436745},
{"learn":[0.2983118533],"iteration":440,"passed_time":3.868719877,"remaining_time":4.903887554},
{"learn":[0.2981629748],"iteration":441,"passed_time":3.876819418,"remaining_time":4.894265238},
{"learn":[0.2980345202],"iteration":442,"passed_time":3.884253024,"remaining_time":4.883812493},
{"learn":[0.2977979757],"iteration":443,"passed_time":3.89211155,"remaining_time":4.873905455},
{"learn":[0.2976825557],"iteration":444,"passed_time":3.899598554,"remaining_time":4.863544263},
{"learn":[0.2975079922],"iteration":445,"passed_time":3.908694499,"remaining_time":4.855194512},
{"learn":[0.2972050923],"iteration":446,"passed_time":3.91688389,"remaining_time":4.845719891},
{"learn":[0.2970942537],"iteration":447,"passed_time":3.925866244,"remaining_time":4.837228051},
{"learn":[0.2969791588],"iteration":448,"passed_time":3.934241818,"remaining_time":4.827989402},
{"learn":[0.296796142],"iteration":449,"passed_time":3.942212986,"remaining_time":4.818260317},
{"learn":[0.2966393127],"iteration":450,"passed_time":3.94982358,"remaining_time":4.8081001},
{"learn":[0.2965026412],"iteration":451,"passed_time":3.957636393,"remaining_time":4.798196334},
{"learn":[0.2962954468],"iteration":452,"passed_time":3.965460646,"remaining_time":4.788315614},
{"learn":[0.296133445],"iteration":453,"passed_time":3.976258676,"remaining_time":4.782020346},
{"learn":[0.2960054929],"iteration":454,"passed_time":3.984612184,"remaining_time":4.772777231},
{"learn":[0.2958793437],"iteration":455,"passed_time":3.992276541,"remaining_time":4.762715873},
{"learn":[0.2957683572],"iteration":456,"passed_time":4.001796346,"remaining_time":4.754869619},
{"learn":[0.2955790744],"iteration":457,"passed_time":4.009388528,"remaining_time":4.744734896},
{"learn":[0.2954540779],"iteration":458,"passed_time":4.016817499,"remaining_time":4.734418883},
{"learn":[0.2953409338],"iteration":459,"passed_time":4.024458236,"remaining_time":4.724364016},
{"learn":[0.2952057993],"iteration":460,"passed_time":4.031962028,"remaining_time":4.714159507},
{"learn":[0.2951148525],"iteration":461,"passed_time":4.03970145,"remaining_time":4.704241082},
{"learn":[0.2949760825],"iteration":462,"passed_time":4.046944475,"remaining_time":4.693756335},
{"learn":[0.2948636773],"iteration":463,"passed_time":4.054776669,"remaining_time":4.683966152},
{"learn":[0.294772228],"iteration":464,"passed_time":4.063276222,"remaining_time":4.674952212},
{"learn":[0.294528117],"iteration":465,"passed_time":4.071374628,"remaining_time":4.665480797},
{"learn":[0.2942683111],"iteration":466,"passed_time":4.078812722,"remaining_time":4.655261629},
{"learn":[0.2940175498],"iteration":467,"passed_time":4.086841128,"remaining_time":4.645725385},
{"learn":[0.2938653313],"iteration":468,"passed_time":4.094380946,"remaining_time":4.635642393},
{"learn":[0.2937644238],"iteration":469,"passed_time":4.102500371,"remaining_time":4.626223823},
{"learn":[0.293638452],"iteration":470,"passed_time":4.112256827,"remaining_time":4.618649388},
{"learn":[0.2935026081],"iteration":471,"passed_time":4.120198687,"remaining_time":4.609035819},
{"learn":[0.2933948434],"iteration":472,"passed_time":4.127460616,"remaining_time":4.598671764},
{"learn":[0.2932604774],"iteration":473,"passed_time":4.135384405,"remaining_time":4.589055268},
{"learn":[0.2931564959],"iteration":474,"passed_time":4.142752306,"remaining_time":4.578831496},
{"learn":[0.2929755481],"iteration":475,"passed_time":4.150813197,"remaining_time":4.569382595},
{"learn":[0.292829182],"iteration":476,"passed_time":4.15830794,"remaining_time":4.559318769},
{"learn":[0.2927064614],"iteration":477,"passed_time":4.166685542,"remaining_time":4.550229818},
{"learn":[0.2925020453],"iteration":478,"passed_time":4.174165303,"remaining_time":4.540167271},
{"learn":[0.2923881623],"iteration":479,"passed_time":4.182447763,"remaining_time":4.530985076},
{"learn":[0.2922643481],"iteration":480,"passed_time":4.189936854,"remaining_time":4.520950576},
{"learn":[0.2921741994],"iteration":481,"passed_time":4.19806316,"remaining_time":4.511611446},
{"learn":[0.2920033009],"iteration":482,"passed_time":4.205615577,"remaining_time":4.50166305},
{"learn":[0.291901684],"iteration":483,"passed_time":4.214021037,"remaining_time":4.492633998},
{"learn":[0.2917333275],"iteration":484,"passed_time":4.221538056,"remaining_time":4.482664122},
{"learn":[0.2915969516],"iteration":485,"passed_time":4.229451609,"remaining_time":4.473123718},
{"learn":[0.2914981722],"iteration":486,"passed_time":4.236650805,"remaining_time":4.462837501},
{"learn":[0.291299106],"iteration":487,"passed_time":4.24689979,"remaining_time":4.455763714},
{"learn":[0.291174346],"iteration":488,"passed_time":4.254897887,"remaining_time":4.446324786},
{"learn":[0.291064394],"iteration":489,"passed_time":4.262801538,"remaining_time":4.436793438},
{"learn":[0.290857643],"iteration":490,"passed_time":4.270358172,"remaining_time":4.426908981},
{"learn":[0.2907482526],"iteration":491,"passed_time":4.278014964,"remaining_time":4.417137401},
{"learn":[0.2905683097],"iteration":492,"passed_time":4.285445758,"remaining_time":4.407141987},
{"learn":[0.2904711855],"iteration":493,"passed_time":4.293611498,"remaining_time":4.397909753},
{"learn":[0.2903532532],"iteration":494,"passed_time":4.301054812,"remaining_time":4.387944808},
{"learn":[0.2902590846],"iteration":495,"passed_time":4.308884638,"remaining_time":4.378382777},
{"learn":[0.2900350723],"iteration":496,"passed_time":4.316469814,"remaining_time":4.368580113},
{"learn":[0.2898633167],"iteration":497,"passed_time":4.324306445,"remaining_time":4.35903983},
{"learn":[0.2897463893],"iteration":498,"passed_time":4.331940124,"remaining_time":4.349302609},
{"learn":[0.2895430078],"iteration":499,"passed_time":4.339889355,"remaining_time":4.339889355},
{"learn":[0.2893458923],"iteration":500,"passed_time":4.34749901,"remaining_time":4.330143725},
{"learn":[0.2891350033],"iteration":501,"passed_time":4.355596445,"remaining_time":4.320890497},
{"learn":[0.2890130807],"iteration":502,"passed_time":4.362855241,"remaining_time":4.31081323},
{"learn":[0.288886902],"iteration":503,"passed_time":4.37088543,"remaining_time":4.301506296},
{"learn":[0.2887787235],"iteration":504,"passed_time":4.379326609,"remaining_time":4.29260727},
{"learn":[0.2886902594],"iteration":505,"passed_time":4.389059087,"remaining_time":4.284970729},
{"learn":[0.2885784158],"iteration":506,"passed_time":4.396686214,"remaining_time":4.275278706},
{"learn":[0.2884817941],"iteration":507,"passed_time":4.404674532,"remaining_time":4.265944626},
{"learn":[0.2883132306],"iteration":508,"passed_time":4.412476007,"remaining_time":4.256435598},
{"learn":[0.2882084807],"iteration":509,"passed_time":4.420485518,"remaining_time":4.247133145},
{"learn":[0.2880749719],"iteration":510,"passed_time":4.42796456,"remaining_time":4.237328121},
{"learn":[0.2879260343],"iteration":511,"passed_time":4.43601916,"remaining_time":4.228080762},
{"learn":[0.2876953716],"iteration":512,"passed_time":4.444111281,"remaining_time":4.218873672},
{"learn":[0.2875015074],"iteration":513,"passed_time":4.452402433,"remaining_time":4.20985911},
{"learn":[0.2873992994],"iteration":514,"passed_time":4.460057007,"remaining_time":4.200247861},
{"learn":[0.2873125497],"iteration":515,"passed_time":4.468029305,"remaining_time":4.190942216},
{"learn":[0.287176292],"iteration":516,"passed_time":4.475548422,"remaining_time":4.181218352},
{"learn":[0.2870428422],"iteration":517,"passed_time":4.483131167,"remaining_time":4.171562205},
{"learn":[0.286957127],"iteration":518,"passed_time":4.490523201,"remaining_time":4.161737302},
{"learn":[0.2868866632],"iteration":519,"passed_time":4.498490032,"remaining_time":4.152452337},
{"learn":[0.2867961006],"iteration":520,"passed_time":4.506083127,"remaining_time":4.142828825},
{"learn":[0.2866011723],"iteration":521,"passed_time":4.513993667,"remaining_time":4.133503779},
{"learn":[0.2865087181],"iteration":522,"passed_time":4.524970569,"remaining_time":4.126980806},
{"learn":[0.2863375241],"iteration":523,"passed_time":4.533192493,"remaining_time":4.117938219},
{"learn":[0.2862558877],"iteration":524,"passed_time":4.540639942,"remaining_time":4.108198043},
{"learn":[0.2861561034],"iteration":525,"passed_time":4.548417283,"remaining_time":4.098763863},
{"learn":[0.286010624],"iteration":526,"passed_time":4.555891306,"remaining_time":4.089063734},
{"learn":[0.2859147411],"iteration":527,"passed_time":4.563593043,"remaining_time":4.079575599},
{"learn":[0.2857483354],"iteration":528,"passed_time":4.570995035,"remaining_time":4.069827338},
{"learn":[0.2855346384],"iteration":529,"passed_time":4.579195928,"remaining_time":4.060796389},
{"learn":[0.2853854348],"iteration":530,"passed_time":4.586640868,"remaining_time":4.05110088},
{"learn":[0.2853088822],"iteration":531,"passed_time":4.594767022,"remaining_time":4.042013094},
{"learn":[0.2852077383],"iteration":532,"passed_time":4.602186874,"remaining_time":4.032310075},
{"learn":[0.2851198654],"iteration":533,"passed_time":4.611226828,"remaining_time":4.024029404},
{"learn":[0.2850021399],"iteration":534,"passed_time":4.618546836,"remaining_time":4.014250988},
{"learn":[0.284919676],"iteration":535,"passed_time":4.626150668,"remaining_time":4.004727444},
{"learn":[0.2848063545],"iteration":536,"passed_time":4.633562841,"remaining_time":3.995045801},
{"learn":[0.2845901748],"iteration":537,"passed_time":4.641056485,"remaining_time":3.985442558},
{"learn":[0.2844068033],"iteration":538,"passed_time":4.648839442,"remaining_time":3.976094588},
{"learn":[0.284330635],"iteration":539,"passed_time":4.657960666,"remaining_time":3.967892419},
{"learn":[0.2842280132],"iteration":540,"passed_time":4.666936159,"remaining_time":3.959563211},
{"learn":[0.2840418929],"iteration":541,"passed_time":4.674580022,"remaining_time":3.950106365},
{"learn":[0.283942079],"iteration":542,"passed_time":4.682160759,"remaining_time":3.94060307},
{"learn":[0.2837614563],"iteration":543,"passed_time":4.689544963,"remaining_time":3.930942101},
{"learn":[0.2835557988],"iteration":544,"passed_time":4.697232676,"remaining_time":3.921542876},
{"learn":[0.2833409787],"iteration":545,"passed_time":4.704838084,"remaining_time":3.912081483},
{"learn":[0.283244889],"iteration":546,"passed_time":4.712522308,"remaining_time":3.902692149},
{"learn":[0.2831749572],"iteration":547,"passed_time":4.720066202,"remaining_time":3.893193291},
{"learn":[0.2830906903],"iteration":548,"passed_time":4.727919176,"remaining_time":3.883955462},
{"learn":[0.2829836645],"iteration":549,"passed_time":4.735353193,"remaining_time":3.874379886},
{"learn":[0.2828538207],"iteration":550,"passed_time":4.743048997,"remaining_time":3.865025408},
{"learn":[0.2826571781],"iteration":551,"passed_time":4.750500261,"remaining_time":3.855478473},
{"learn":[0.2825103686],"iteration":552,"passed_time":4.7586492,"remaining_time":3.84650306},
{"learn":[0.2824146631],"iteration":553,"passed_time":4.766685371,"remaining_time":3.837439847},
{"learn":[0.2822947209],"iteration":554,"passed_time":4.775313214,"remaining_time":3.828854739},
{"learn":[0.2821927493],"iteration":555,"passed_time":4.783205561,"remaining_time":3.819682139},
{"learn":[0.2821273102],"iteration":556,"passed_time":4.791347146,"remaining_time":3.810712362},
{"learn":[0.2819955156],"iteration":557,"passed_time":4.801650117,"remaining_time":3.80345762},
{"learn":[0.281810282],"iteration":558,"passed_time":4.809538901,"remaining_time":3.794287398},
{"learn":[0.2816388516],"iteration":559,"passed_time":4.817261451,"remaining_time":3.78499114},
{"learn":[0.2815630675],"iteration":560,"passed_time":4.824781804,"remaining_time":3.775542267},
{"learn":[0.281473569],"iteration":561,"passed_time":4.832369888,"remaining_time":3.766153044},
{"learn":[0.2813896863],"iteration":562,"passed_time":4.839944563,"remaining_time":3.756759812},
{"learn":[0.2812761284],"iteration":563,"passed_time":4.847592911,"remaining_time":3.747429981},
{"learn":[0.2811706691],"iteration":564,"passed_time":4.855463439,"remaining_time":3.738277161},
{"learn":[0.2810748158],"iteration":565,"passed_time":4.862934283,"remaining_time":3.7288224},
{"learn":[0.2808822225],"iteration":566,"passed_time":4.870908223,"remaining_time":3.719758837},
{"learn":[0.280702723],"iteration":567,"passed_time":4.878483018,"remaining_time":3.710395535},
{"learn":[0.2806481904],"iteration":568,"passed_time":4.886277444,"remaining_time":3.701204883},
{"learn":[0.2805552337],"iteration":569,"passed_time":4.893757104,"remaining_time":3.691781675},
{"learn":[0.2804681589],"iteration":570,"passed_time":4.901635134,"remaining_time":3.682664575},
{"learn":[0.2802751518],"iteration":571,"passed_time":4.909135549,"remaining_time":3.673269257},
{"learn":[0.2801604116],"iteration":572,"passed_time":4.917241579,"remaining_time":3.664331857},
{"learn":[0.2800825881],"iteration":573,"passed_time":4.924646934,"remaining_time":3.654877341},
{"learn":[0.2799992079],"iteration":574,"passed_time":4.932793172,"remaining_time":3.645977562},
{"learn":[0.2798624182],"iteration":575,"passed_time":4.940438761,"remaining_time":3.636711866},
{"learn":[0.2797407617],"iteration":576,"passed_time":4.950577205,"remaining_time":3.629279303},
{"learn":[0.2796352137],"iteration":577,"passed_time":4.958208754,"remaining_time":3.620007084},
{"learn":[0.2795626809],"iteration":578,"passed_time":4.966099235,"remaining_time":3.610928804},
{"learn":[0.2794538225],"iteration":579,"passed_time":4.975559219,"remaining_time":3.602991158},
{"learn":[0.2792815645],"iteration":580,"passed_time":4.983367274,"remaining_time":3.59385695},
{"learn":[0.279190263],"iteration":581,"passed_time":4.99149876,"remaining_time":3.58495959},
{"learn":[0.2790792765],"iteration":582,"passed_time":4.999115652,"remaining_time":3.575696787},
{"learn":[0.2790260149],"iteration":583,"passed_time":5.006474417,"remaining_time":3.566255749},
{"learn":[0.2789233635],"iteration":584,"passed_time":5.014304402,"remaining_time":3.557156115},
{"learn":[0.2788208008],"iteration":585,"passed_time":5.022896688,"remaining_time":3.548599366},
{"learn":[0.2786693804],"iteration":586,"passed_time":5.030739,"remaining_time":3.539514833},
{"learn":[0.2785385021],"iteration":587,"passed_time":5.038350256,"remaining_time":3.530272628},
{"learn":[0.2783683426],"iteration":588,"passed_time":5.045979612,"remaining_time":3.521048592},
{"learn":[0.2782389717],"iteration":589,"passed_time":5.053836446,"remaining_time":3.511988039},
{"learn":[0.2780782409],"iteration":590,"passed_time":5.061632986,"remaining_time":3.502889833},
{"learn":[0.2779826536],"iteration":591,"passed_time":5.06935707,"remaining_time":3.493746089},
{"learn":[0.2778661696],"iteration":592,"passed_time":5.077693697,"remaining_time":3.485027546},
{"learn":[0.277734109],"iteration":593,"passed_time":5.087686361,"remaining_time":3.477442193},
{"learn":[0.2776110042],"iteration":594,"passed_time":5.095374376,"remaining_time":3.468280038},
{"learn":[0.2775544026],"iteration":595,"passed_time":5.102791829,"remaining_time":3.458939428},
{"learn":[0.2773818785],"iteration":596,"passed_time":5.110604845,"remaining_time":3.449872282},
{"learn":[0.2772081426],"iteration":597,"passed_time":5.118132797,"remaining_time":3.4406177},
{"learn":[0.2771360236],"iteration":598,"passed_time":5.126218562,"remaining_time":3.431742309},
{"learn":[0.2770536778],"iteration":599,"passed_time":5.133793014,"remaining_time":3.422528676},
{"learn":[0.2769797558],"iteration":600,"passed_time":5.142268294,"remaining_time":3.413918551},
{"learn":[0.2768723458],"iteration":601,"passed_time":5.151182772,"remaining_time":3.405599242},
{"learn":[0.2767551228],"iteration":602,"passed_time":5.160453766,"remaining_time":3.397512678},
{"learn":[0.2766152888],"iteration":603,"passed_time":5.169541182,"remaining_time":3.389301834},
{"learn":[0.2765405096],"iteration":604,"passed_time":5.17901861,"remaining_time":3.381342729},
{"learn":[0.2764218088],"iteration":605,"passed_time":5.18923834,"remaining_time":3.373861231},
{"learn":[0.2763616308],"iteration":606,"passed_time":5.199401896,"remaining_time":3.366334341},
{"learn":[0.2762542799],"iteration":607,"passed_time":5.209044716,"remaining_time":3.35846304},
{"learn":[0.2761519536],"iteration":608,"passed_time":5.218927091,"remaining_time":3.350739725},
{"learn":[0.2760540313],"iteration":609,"passed_time":5.230210827,"remaining_time":3.343905283},
{"learn":[0.2759704442],"iteration":610,"passed_time":5.239104422,"remaining_time":3.335534567},
{"learn":[0.2759028474],"iteration":611,"passed_time":5.250584953,"remaining_time":3.328802225},
{"learn":[0.2758581277],"iteration":612,"passed_time":5.259365338,"remaining_time":3.320349732},
{"learn":[0.2757908265],"iteration":613,"passed_time":5.26872927,"remaining_time":3.312263026},
{"learn":[0.2756451106],"iteration":614,"passed_time":5.27808509,"remaining_time":3.304167089},
{"learn":[0.2755710999],"iteration":615,"passed_time":5.287369004,"remaining_time":3.296022236},
{"learn":[0.2753970684],"iteration":616,"passed_time":5.296420886,"remaining_time":3.287729659},
{"learn":[0.2752597763],"iteration":617,"passed_time":5.3051731,"remaining_time":3.279249392},
{"learn":[0.2751622678],"iteration":618,"passed_time":5.314345731,"remaining_time":3.271027017},
{"learn":[0.2750733604],"iteration":619,"passed_time":5.322982496,"remaining_time":3.262473143},
{"learn":[0.2749907782],"iteration":620,"passed_time":5.332360055,"remaining_time":3.254371113},
{"learn":[0.2747858893],"iteration":621,"passed_time":5.341847622,"remaining_time":3.246331835},
{"learn":[0.2746567548],"iteration":622,"passed_time":5.351486365,"remaining_time":3.23837939},
{"learn":[0.2745334136],"iteration":623,"passed_time":5.363447127,"remaining_time":3.231820705},
{"learn":[0.2744406047],"iteration":624,"passed_time":5.373087486,"remaining_time":3.223852491},
{"learn":[0.2743302685],"iteration":625,"passed_time":5.382999305,"remaining_time":3.216041118},
{"learn":[0.2742036759],"iteration":626,"passed_time":5.391915846,"remaining_time":3.207630958},
{"learn":[0.2741201479],"iteration":627,"passed_time":5.402588736,"remaining_time":3.20025957},
{"learn":[0.2739753779],"iteration":628,"passed_time":5.41431618,"remaining_time":3.193499687},
{"learn":[0.2738470119],"iteration":629,"passed_time":5.425391222,"remaining_time":3.186340876},
{"learn":[0.2737585774],"iteration":630,"passed_time":5.437281142,"remaining_time":3.179646183},
{"learn":[0.2737175524],"iteration":631,"passed_time":5.4479498,"remaining_time":3.172223934},
{"learn":[0.2736034033],"iteration":632,"passed_time":5.459750032,"remaining_time":3.165447491},
{"learn":[0.2734732048],"iteration":633,"passed_time":5.473696292,"remaining_time":3.159894074},
{"learn":[0.2733972434],"iteration":634,"passed_time":5.485773861,"remaining_time":3.153240093},
{"learn":[0.2732841584],"iteration":635,"passed_time":5.50327592,"remaining_time":3.14967364},
{"learn":[0.2731575954],"iteration":636,"passed_time":5.515301742,"remaining_time":3.142942751},
{"learn":[0.2730334266],"iteration":637,"passed_time":5.524880353,"remaining_time":3.134806721},
{"learn":[0.2729284698],"iteration":638,"passed_time":5.535304883,"remaining_time":3.127144073},
{"learn":[0.2728282716],"iteration":639,"passed_time":5.545181676,"remaining_time":3.119164693},
{"learn":[0.2727510097],"iteration":640,"passed_time":5.554361929,"remaining_time":3.110789286},
{"learn":[0.2726700236],"iteration":641,"passed_time":5.565159312,"remaining_time":3.103313137},
{"learn":[0.2726056485],"iteration":642,"passed_time":5.575084111,"remaining_time":3.095342189},
{"learn":[0.2725206426],"iteration":643,"passed_time":5.583884524,"remaining_time":3.086743619},
{"learn":[0.2723535866],"iteration":644,"passed_time":5.592793359,"remaining_time":3.078204097},
{"learn":[0.2722728369],"iteration":645,"passed_time":5.601571606,"remaining_time":3.069591871},
{"learn":[0.2721041848],"iteration":646,"passed_time":5.609951818,"remaining_time":3.060761966},
{"learn":[0.2720470807],"iteration":647,"passed_time":5.618797367,"remaining_time":3.052186224},
{"learn":[0.2719420352],"iteration":648,"passed_time":5.626867931,"remaining_time":3.043190514},
{"learn":[0.2717401611],"iteration":649,"passed_time":5.637297746,"remaining_time":3.035468017},
{"learn":[0.2715988787],"iteration":650,"passed_time":5.646700318,"remaining_time":3.027186499},
{"learn":[0.2714664635],"iteration":651,"passed_time":5.658939725,"remaining_time":3.020415682},
{"learn":[0.2713378906],"iteration":652,"passed_time":5.674446852,"remaining_time":3.01536456},
{"learn":[0.2712100271],"iteration":653,"passed_time":5.688466364,"remaining_time":3.009494437},
{"learn":[0.2710910603],"iteration":654,"passed_time":5.70241083,"remaining_time":3.003559903},
{"learn":[0.2710206556],"iteration":655,"passed_time":5.714162925,"remaining_time":2.99645129},
{"learn":[0.2709338763],"iteration":656,"passed_time":5.724441353,"remaining_time":2.988559184},
{"learn":[0.2708225943],"iteration":657,"passed_time":5.73555019,"remaining_time":2.981091436},
{"learn":[0.2707351056],"iteration":658,"passed_time":5.746864852,"remaining_time":2.973719142},
{"learn":[0.270689647],"iteration":659,"passed_time":5.758606807,"remaining_time":2.966555022},
{"learn":[0.2705426306],"iteration":660,"passed_time":5.769774516,"remaining_time":2.959082543},
{"learn":[0.2704739993],"iteration":661,"passed_time":5.779752494,"remaining_time":2.950991455},
{"learn":[0.2703194163],"iteration":662,"passed_time":5.7887866,"remaining_time":2.942414908},
{"learn":[0.270199149],"iteration":663,"passed_time":5.799223061,"remaining_time":2.934546609},
{"learn":[0.2701601338],"iteration":664,"passed_time":5.808584036,"remaining_time":2.9261288},
{"learn":[0.2700398073],"iteration":665,"passed_time":5.820458767,"remaining_time":2.918968811},
{"learn":[0.2699738066],"iteration":666,"passed_time":5.829782638,"remaining_time":2.910521167},
{"learn":[0.2698258148],"iteration":667,"passed_time":5.839342175,"remaining_time":2.902188027},
{"learn":[0.2697119614],"iteration":668,"passed_time":5.849896383,"remaining_time":2.894343352},
{"learn":[0.2695901571],"iteration":669,"passed_time":5.860631951,"remaining_time":2.886579916},
{"learn":[0.2695332303],"iteration":670,"passed_time":5.870005515,"remaining_time":2.878139813},
{"learn":[0.2694095935],"iteration":671,"passed_time":5.880273858,"remaining_time":2.870133669},
{"learn":[0.2692760846],"iteration":672,"passed_time":5.89001193,"remaining_time":2.861863152},
{"learn":[0.269153098],"iteration":673,"passed_time":5.901400309,"remaining_time":2.854386499},
{"learn":[0.2690675306],"iteration":674,"passed_time":5.911347515,"remaining_time":2.846204359},
{"learn":[0.2689773523],"iteration":675,"passed_time":5.920493671,"remaining_time":2.837633061},
{"learn":[0.2689308],"iteration":676,"passed_time":5.931017677,"remaining_time":2.829717444},
{"learn":[0.2688024932],"iteration":677,"passed_time":5.941212747,"remaining_time":2.821637912},
{"learn":[0.2686798909],"iteration":678,"passed_time":5.95247329,"remaining_time":2.814055856},
{"learn":[0.268545584],"iteration":679,"passed_time":5.963064833,"remaining_time":2.806148157},
{"learn":[0.2684716028],"iteration":680,"passed_time":5.973438772,"remaining_time":2.798130643},
{"learn":[0.2683551779],"iteration":681,"passed_time":5.985240565,"remaining_time":2.790771994},
{"learn":[0.2682780342],"iteration":682,"passed_time":5.997302639,"remaining_time":2.783521137},
{"learn":[0.2681583284],"iteration":683,"passed_time":6.006200782,"remaining_time":2.774794513},
{"learn":[0.2680126126],"iteration":684,"passed_time":6.015524411,"remaining_time":2.76626305},
{"learn":[0.2678822072],"iteration":685,"passed_time":6.025100823,"remaining_time":2.757844983},
{"learn":[0.2677575358],"iteration":686,"passed_time":6.034702016,"remaining_time":2.749434834},
{"learn":[0.2675771792],"iteration":687,"passed_time":6.046777406,"remaining_time":2.742143242},
{"learn":[0.2674170986],"iteration":688,"passed_time":6.057131463,"remaining_time":2.734060791},
{"learn":[0.2672702595],"iteration":689,"passed_time":6.066407011,"remaining_time":2.725487208},
{"learn":[0.2671723668],"iteration":690,"passed_time":6.075796156,"remaining_time":2.716962391},
{"learn":[0.2670666711],"iteration":691,"passed_time":6.08481186,"remaining_time":2.708268862},
{"learn":[0.267014769],"iteration":692,"passed_time":6.094295471,"remaining_time":2.699781688},
{"learn":[0.2669232902],"iteration":693,"passed_time":6.102852238,"remaining_time":2.690882975},
{"learn":[0.2668138703],"iteration":694,"passed_time":6.111280005,"remaining_time":2.681928635},
{"learn":[0.2667337413],"iteration":695,"passed_time":6.120534727,"remaining_time":2.673337007},
{"learn":[0.266669248],"iteration":696,"passed_time":6.129110879,"remaining_time":2.664448488},
{"learn":[0.2665931388],"iteration":697,"passed_time":6.139794922,"remaining_time":2.656472875},
{"learn":[0.2665160246],"iteration":698,"passed_time":6.148584654,"remaining_time":2.647673792},
{"learn":[0.2664110087],"iteration":699,"passed_time":6.157313429,"remaining_time":2.638848613},
{"learn":[0.2662955],"iteration":700,"passed_time":6.166195469,"remaining_time":2.63008908},
{"learn":[0.2662605932],"iteration":701,"passed_time":6.174791825,"remaining_time":2.621207926},
{"learn":[0.2661194882],"iteration":702,"passed_time":6.183359485,"remaining_time":2.612315458},
{"learn":[0.2660103934],"iteration":703,"passed_time":6.19159641,"remaining_time":2.603284854},
{"learn":[0.2658942049],"iteration":704,"passed_time":6.200753343,"remaining_time":2.59464147},
{"learn":[0.2657843712],"iteration":705,"passed_time":6.209273827,"remaining_time":2.585731594},
{"learn":[0.2657170404],"iteration":706,"passed_time":6.217582862,"remaining_time":2.576735189},
{"learn":[0.2656414928],"iteration":707,"passed_time":6.225860425,"remaining_time":2.567727746},
{"learn":[0.2655420631],"iteration":708,"passed_time":6.235440469,"remaining_time":2.559256949},
{"learn":[0.265433323],"iteration":709,"passed_time":6.245239527,"remaining_time":2.550872483},
{"learn":[0.2653195286],"iteration":710,"passed_time":6.25406436,"remaining_time":2.542088045},
{"learn":[0.2652193009],"iteration":711,"passed_time":6.262671569,"remaining_time":2.533215466},
{"learn":[0.2651262851],"iteration":712,"passed_time":6.271546361,"remaining_time":2.52445134},
{"learn":[0.2650203825],"iteration":713,"passed_time":6.280596946,"remaining_time":2.51575732},
{"learn":[0.2649605001],"iteration":714,"passed_time":6.289592098,"remaining_time":2.507040207},
{"learn":[0.2648737208],"iteration":715,"passed_time":6.298519183,"remaining_time":2.498295318},
{"learn":[0.264793444],"iteration":716,"passed_time":6.306673899,"remaining_time":2.489245068},
{"learn":[0.2646889306],"iteration":717,"passed_time":6.316476853,"remaining_time":2.480844669},
{"learn":[0.2646183781],"iteration":718,"passed_time":6.325271846,"remaining_time":2.472046438},
{"learn":[0.2644771844],"iteration":719,"passed_time":6.333962854,"remaining_time":2.463207777},
{"learn":[0.2643730256],"iteration":720,"passed_time":6.343094353,"remaining_time":2.454539979},
{"learn":[0.2642798029],"iteration":721,"passed_time":6.351808983,"remaining_time":2.445710384},
{"learn":[0.2641855161],"iteration":722,"passed_time":6.360726451,"remaining_time":2.43695882},
{"learn":[0.2640311105],"iteration":723,"passed_time":6.369528633,"remaining_time":2.428162849},
{"learn":[0.2639309715],"iteration":724,"passed_time":6.378549959,"remaining_time":2.419449984},
{"learn":[0.2638567539],"iteration":725,"passed_time":6.387709477,"remaining_time":2.410788425},
{"learn":[0.2637666938],"iteration":726,"passed_time":6.397336891,"remaining_time":2.402301198},
{"learn":[0.2636643971],"iteration":727,"passed_time":6.406395627,"remaining_time":2.393598366},
{"learn":[0.2635664748],"iteration":728,"passed_time":6.416738501,"remaining_time":2.385371925},
{"learn":[0.2634689368],"iteration":729,"passed_time":6.426151211,"remaining_time":2.376795653},
{"learn":[0.2633238712],"iteration":730,"passed_time":6.436048604,"remaining_time":2.368395451},
{"learn":[0.2632494171],"iteration":731,"passed_time":6.447908579,"remaining_time":2.360709698},
{"learn":[0.2631496623],"iteration":732,"passed_time":6.459163819,"remaining_time":2.352792278},
{"learn":[0.2630573263],"iteration":733,"passed_time":6.472329528,"remaining_time":2.345558112},
{"learn":[0.2630040351],"iteration":734,"passed_time":6.486803027,"remaining_time":2.338779323},
{"learn":[0.262943266],"iteration":735,"passed_time":6.497623804,"remaining_time":2.330669408},
{"learn":[0.2628609498],"iteration":736,"passed_time":6.509080576,"remaining_time":2.322779093},
{"learn":[0.2627761804],"iteration":737,"passed_time":6.518993148,"remaining_time":2.314330901},
{"learn":[0.2627117462],"iteration":738,"passed_time":6.529575744,"remaining_time":2.306115385},
{"learn":[0.2626325335],"iteration":739,"passed_time":6.540710394,"remaining_time":2.298087436},
{"learn":[0.2624745514],"iteration":740,"passed_time":6.551413802,"remaining_time":2.289900371},
{"learn":[0.2623912008],"iteration":741,"passed_time":6.561123591,"remaining_time":2.281361033},
{"learn":[0.2622711994],"iteration":742,"passed_time":6.572029556,"remaining_time":2.273232296},
{"learn":[0.2621704397],"iteration":743,"passed_time":6.583129825,"remaining_time":2.26516295},
{"learn":[0.2620339456],"iteration":744,"passed_time":6.593856021,"remaining_time":2.25695743},
{"learn":[0.2619431466],"iteration":745,"passed_time":6.606149291,"remaining_time":2.249278713},
{"learn":[0.2618505741],"iteration":746,"passed_time":6.618939016,"remaining_time":2.241755785},
{"learn":[0.2617872631],"iteration":747,"passed_time":6.630251018,"remaining_time":2.233720931},
{"learn":[0.2616427886],"iteration":748,"passed_time":6.640409314,"remaining_time":2.225290705},
{"learn":[0.2615503343],"iteration":749,"passed_time":6.65506544,"remaining_time":2.218355147},
{"learn":[0.2614753187],"iteration":750,"passed_time":6.675228814,"remaining_time":2.213224999},
{"learn":[0.2614029337],"iteration":751,"passed_time":6.69318483,"remaining_time":2.207326912},
{"learn":[0.2613404798],"iteration":752,"passed_time":6.709199278,"remaining_time":2.200759923},
{"learn":[0.261298568],"iteration":753,"passed_time":6.724667369,"remaining_time":2.193989619},
{"learn":[0.2612037492],"iteration":754,"passed_time":6.740289412,"remaining_time":2.187246233},
{"learn":[0.2611394924],"iteration":755,"passed_time":6.75296085,"remaining_time":2.179527047},
{"learn":[0.261066664],"iteration":756,"passed_time":6.765834986,"remaining_time":2.171859844},
{"learn":[0.2610013135],"iteration":757,"passed_time":6.77771817,"remaining_time":2.163862529},
{"learn":[0.2608749574],"iteration":758,"passed_time":6.789930146,"remaining_time":2.155959374},
{"learn":[0.2607855476],"iteration":759,"passed_time":6.80352598,"remaining_time":2.148481889},
{"learn":[0.2606850243],"iteration":760,"passed_time":6.815005848,"remaining_time":2.140323781},
{"learn":[0.2605770527],"iteration":761,"passed_time":6.825583899,"remaining_time":2.131875286},
{"learn":[0.2604508444],"iteration":762,"passed_time":6.836658817,"remaining_time":2.123575544},
{"learn":[0.2603721933],"iteration":763,"passed_time":6.84711077,"remaining_time":2.115076102},
{"learn":[0.2603254932],"iteration":764,"passed_time":6.857209519,"remaining_time":2.106463055},
{"learn":[0.2601981618],"iteration":765,"passed_time":6.867873786,"remaining_time":2.098018885},
{"learn":[0.2601041706],"iteration":766,"passed_time":6.877780238,"remaining_time":2.089338716},
{"learn":[0.2600273225],"iteration":767,"passed_time":6.888239061,"remaining_time":2.080822216},
{"learn":[0.2599671149],"iteration":768,"passed_time":6.898307762,"remaining_time":2.072183476},
{"learn":[0.2598341381],"iteration":769,"passed_time":6.90905253,"remaining_time":2.063742963},
{"learn":[0.2597637334],"iteration":770,"passed_time":6.919245379,"remaining_time":2.055132544},
{"learn":[0.2597012795],"iteration":771,"passed_time":6.931676114,"remaining_time":2.047178956},
{"learn":[0.2595702238],"iteration":772,"passed_time":6.945420614,"remaining_time":2.039599585},
{"learn":[0.2594788632],"iteration":773,"passed_time":6.954775832,"remaining_time":2.030722659},
{"learn":[0.2593611082],"iteration":774,"passed_time":6.964318655,"remaining_time":2.021898964},
{"learn":[0.2592720531],"iteration":775,"passed_time":6.974183495,"remaining_time":2.01316637},
{"learn":[0.2592111066],"iteration":776,"passed_time":6.983324869,"remaining_time":2.004223225},
{"learn":[0.2591364752],"iteration":777,"passed_time":6.993356678,"remaining_time":1.995533654},
{"learn":[0.25901807],"iteration":778,"passed_time":7.002872526,"remaining_time":1.98669426},
{"learn":[0.2589501776],"iteration":779,"passed_time":7.013010081,"remaining_time":1.978028484},
{"learn":[0.2588737137],"iteration":780,"passed_time":7.023420928,"remaining_time":1.969435574},
{"learn":[0.2587499291],"iteration":781,"passed_time":7.033151026,"remaining_time":1.96064824},
{"learn":[0.2586588936],"iteration":782,"passed_time":7.043274469,"remaining_time":1.951967509},
{"learn":[0.2585838484],"iteration":783,"passed_time":7.053032782,"remaining_time":1.943182501},
{"learn":[0.2585072663],"iteration":784,"passed_time":7.062534529,"remaining_time":1.934324744},
{"learn":[0.2584009794],"iteration":785,"passed_time":7.072380703,"remaining_time":1.925559123},
{"learn":[0.258356171],"iteration":786,"passed_time":7.08320488,"remaining_time":1.91705545},
{"learn":[0.2582533719],"iteration":787,"passed_time":7.09390379,"remaining_time":1.908512187},
{"learn":[0.2581172915],"iteration":788,"passed_time":7.104087716,"remaining_time":1.899825739},
{"learn":[0.2580132805],"iteration":789,"passed_time":7.115409343,"remaining_time":1.891437927},
{"learn":[0.2579274175],"iteration":790,"passed_time":7.125172984,"remaining_time":1.882631041},
{"learn":[0.2578253868],"iteration":791,"passed_time":7.136462372,"remaining_time":1.874222441},
{"learn":[0.2577363021],"iteration":792,"passed_time":7.146711561,"remaining_time":1.865535048},
{"learn":[0.2576577397],"iteration":793,"passed_time":7.158326493,"remaining_time":1.857198057},
{"learn":[0.2575569504],"iteration":794,"passed_time":7.171439177,"remaining_time":1.849239033},
{"learn":[0.2574605946],"iteration":795,"passed_time":7.183615514,"remaining_time":1.841027092},
{"learn":[0.2574100522],"iteration":796,"passed_time":7.194226222,"remaining_time":1.832406428},
{"learn":[0.257331076],"iteration":797,"passed_time":7.2040978,"remaining_time":1.823593679},
{"learn":[0.2572279812],"iteration":798,"passed_time":7.214764611,"remaining_time":1.814978331},
{"learn":[0.2571470542],"iteration":799,"passed_time":7.226192043,"remaining_time":1.806548011},
{"learn":[0.2570719795],"iteration":800,"passed_time":7.235780918,"remaining_time":1.797653437},
{"learn":[0.2570081956],"iteration":801,"passed_time":7.245637181,"remaining_time":1.788823144},
{"learn":[0.2568843518],"iteration":802,"passed_time":7.255048999,"remaining_time":1.779881261},
{"learn":[0.2567948829],"iteration":803,"passed_time":7.267235842,"remaining_time":1.771614708},
{"learn":[0.2567368921],"iteration":804,"passed_time":7.278725342,"remaining_time":1.763169493},
{"learn":[0.2566946552],"iteration":805,"passed_time":7.293153724,"remaining_time":1.755424097},
{"learn":[0.2566139055],"iteration":806,"passed_time":7.304532578,"remaining_time":1.746932822},
{"learn":[0.2565461609],"iteration":807,"passed_time":7.314983074,"remaining_time":1.7382138},
{"learn":[0.2564641107],"iteration":808,"passed_time":7.324787196,"remaining_time":1.729337892},
{"learn":[0.2564063268],"iteration":809,"passed_time":7.333816008,"remaining_time":1.720277829},
{"learn":[0.2563188382],"iteration":810,"passed_time":7.343455896,"remaining_time":1.711360252},
{"learn":[0.2562478128],"iteration":811,"passed_time":7.351874276,"remaining_time":1.702158083},
{"learn":[0.2562104232],"iteration":812,"passed_time":7.360784655,"remaining_time":1.693071009},
{"learn":[0.2561556541],"iteration":813,"passed_time":7.368900862,"remaining_time":1.6838029},
{"learn":[0.2560987274],"iteration":814,"passed_time":7.377572164,"remaining_time":1.67466362},
{"learn":[0.2560467958],"iteration":815,"passed_time":7.385861463,"remaining_time":1.665439349},
{"learn":[0.2559041834],"iteration":816,"passed_time":7.394962343,"remaining_time":1.656399154},
{"learn":[0.2558490892],"iteration":817,"passed_time":7.403864963,"remaining_time":1.647314698},
{"learn":[0.2557283194],"iteration":818,"passed_time":7.413150674,"remaining_time":1.63831535},
{"learn":[0.2556363381],"iteration":819,"passed_time":7.422355964,"remaining_time":1.629297651},
{"learn":[0.2555815985],"iteration":820,"passed_time":7.43104762,"remaining_time":1.620167508},
{"learn":[0.2554499813],"iteration":821,"passed_time":7.441185378,"remaining_time":1.611351578},
{"learn":[0.2553262558],"iteration":822,"passed_time":7.450597131,"remaining_time":1.602376297},
{"learn":[0.2552325602],"iteration":823,"passed_time":7.45990033,"remaining_time":1.593376769},
{"learn":[0.2550981942],"iteration":824,"passed_time":7.469291679,"remaining_time":1.584395205},
{"learn":[0.2549852865],"iteration":825,"passed_time":7.480669045,"remaining_time":1.575831009},
{"learn":[0.2548503589],"iteration":826,"passed_time":7.490441653,"remaining_time":1.566924312},
{"learn":[0.254717589],"iteration":827,"passed_time":7.499273479,"remaining_time":1.557820095},
{"learn":[0.2546581204],"iteration":828,"passed_time":7.508564567,"remaining_time":1.548811268},
{"learn":[0.2545888684],"iteration":829,"passed_time":7.517514009,"remaining_time":1.539731785},
{"learn":[0.2544678917],"iteration":830,"passed_time":7.526558505,"remaining_time":1.530671946},
{"learn":[0.2543466489],"iteration":831,"passed_time":7.535207245,"remaining_time":1.521532232},
{"learn":[0.2542744708],"iteration":832,"passed_time":7.544243248,"remaining_time":1.512471335},
{"learn":[0.2542043025],"iteration":833,"passed_time":7.553259534,"remaining_time":1.503406574},
{"learn":[0.2541234642],"iteration":834,"passed_time":7.562935739,"remaining_time":1.494472332},
{"learn":[0.2540567837],"iteration":835,"passed_time":7.572254003,"remaining_time":1.485466096},
{"learn":[0.2539574427],"iteration":836,"passed_time":7.580829111,"remaining_time":1.476314391},
{"learn":[0.2538447419],"iteration":837,"passed_time":7.59017041,"remaining_time":1.467312179},
{"learn":[0.2537458738],"iteration":838,"passed_time":7.599022524,"remaining_time":1.458215288},
{"learn":[0.2536507004],"iteration":839,"passed_time":7.608850834,"remaining_time":1.449304921},
{"learn":[0.2535889263],"iteration":840,"passed_time":7.618549209,"remaining_time":1.440367805},
{"learn":[0.2535176349],"iteration":841,"passed_time":7.6268843,"remaining_time":1.431173063},
{"learn":[0.2533776235],"iteration":842,"passed_time":7.636218933,"remaining_time":1.422166515},
{"learn":[0.2532381737],"iteration":843,"passed_time":7.644656633,"remaining_time":1.412993406},
{"learn":[0.2531868332],"iteration":844,"passed_time":7.652804668,"remaining_time":1.403768904},
{"learn":[0.2530560731],"iteration":845,"passed_time":7.661924989,"remaining_time":1.394723934},
{"learn":[0.2529955996],"iteration":846,"passed_time":7.67093082,"remaining_time":1.385658106},
{"learn":[0.2528551744],"iteration":847,"passed_time":7.679636947,"remaining_time":1.376538698},
{"learn":[0.2527579615],"iteration":848,"passed_time":7.687691755,"remaining_time":1.367304423},
{"learn":[0.2526568471],"iteration":849,"passed_time":7.696139478,"remaining_time":1.358142261},
{"learn":[0.2526058613],"iteration":850,"passed_time":7.703728016,"remaining_time":1.348831345},
{"learn":[0.2524767268],"iteration":851,"passed_time":7.711589122,"remaining_time":1.339571819},
{"learn":[0.2524177902],"iteration":852,"passed_time":7.719166586,"remaining_time":1.330266692},
{"learn":[0.2523120058],"iteration":853,"passed_time":7.727643172,"remaining_time":1.321119324},
{"learn":[0.2521986252],"iteration":854,"passed_time":7.735167078,"remaining_time":1.311811961},
{"learn":[0.2520893827],"iteration":855,"passed_time":7.742923126,"remaining_time":1.302547816},
{"learn":[0.2520206331],"iteration":856,"passed_time":7.750321957,"remaining_time":1.293227584},
{"learn":[0.25190542],"iteration":857,"passed_time":7.758321912,"remaining_time":1.284011319},
{"learn":[0.2518129658],"iteration":858,"passed_time":7.766026319,"remaining_time":1.274749373},
{"learn":[0.2517286989],"iteration":859,"passed_time":7.775157879,"remaining_time":1.265723376},
{"learn":[0.2516499591],"iteration":860,"passed_time":7.782836776,"remaining_time":1.256462615},
{"learn":[0.2515959881],"iteration":861,"passed_time":7.790456817,"remaining_time":1.247196103},
{"learn":[0.2514893169],"iteration":862,"passed_time":7.797808384,"remaining_time":1.237890786},
{"learn":[0.2514005278],"iteration":863,"passed_time":7.805270199,"remaining_time":1.228607346},
{"learn":[0.2513082804],"iteration":864,"passed_time":7.813394286,"remaining_time":1.219431478},
{"learn":[0.2512496098],"iteration":865,"passed_time":7.82109265,"remaining_time":1.210192165},
{"learn":[0.2511422589],"iteration":866,"passed_time":7.828595565,"remaining_time":1.200926425},
{"learn":[0.2510574895],"iteration":867,"passed_time":7.836007366,"remaining_time":1.19165089},
{"learn":[0.2509882966],"iteration":868,"passed_time":7.84378553,"remaining_time":1.182434873},
{"learn":[0.2509042661],"iteration":869,"passed_time":7.851227067,"remaining_time":1.173171861},
{"learn":[0.2508626499],"iteration":870,"passed_time":7.858642341,"remaining_time":1.163909141},
{"learn":[0.2507883732],"iteration":871,"passed_time":7.866058318,"remaining_time":1.154650762},
{"learn":[0.2507425895],"iteration":872,"passed_time":7.874106982,"remaining_time":1.145488645},
{"learn":[0.2506211694],"iteration":873,"passed_time":7.8815206,"remaining_time":1.136237524},
{"learn":[0.2505121337],"iteration":874,"passed_time":7.889780666,"remaining_time":1.127111524},
{"learn":[0.2504401329],"iteration":875,"passed_time":7.897053186,"remaining_time":1.117847711},
{"learn":[0.2503371269],"iteration":876,"passed_time":7.905871599,"remaining_time":1.108805253},
{"learn":[0.2502303671],"iteration":877,"passed_time":7.914455758,"remaining_time":1.099730755},
{"learn":[0.250155647],"iteration":878,"passed_time":7.923217175,"remaining_time":1.090681773},
{"learn":[0.2500747792],"iteration":879,"passed_time":7.930805923,"remaining_time":1.081473535},
{"learn":[0.2500276949],"iteration":880,"passed_time":7.938543232,"remaining_time":1.07228904},
{"learn":[0.2499900097],"iteration":881,"passed_time":7.945845357,"remaining_time":1.063049606},
{"learn":[0.2499173587],"iteration":882,"passed_time":7.954736734,"remaining_time":1.054025139},
{"learn":[0.2498695355],"iteration":883,"passed_time":7.963098343,"remaining_time":1.044931457},
{"learn":[0.2497755443],"iteration":884,"passed_time":7.971815121,"remaining_time":1.035885581},
{"learn":[0.2497298197],"iteration":885,"passed_time":7.980332297,"remaining_time":1.026814765},
{"learn":[0.2496060055],"iteration":886,"passed_time":7.98850727,"remaining_time":1.017701603},
{"learn":[0.2495263199],"iteration":887,"passed_time":7.997352509,"remaining_time":1.008675091},
{"learn":[0.2494595802],"iteration":888,"passed_time":8.007713009,"remaining_time":0.9998381822},
{"learn":[0.2493808996],"iteration":889,"passed_time":8.017806934,"remaining_time":0.9909649019},
{"learn":[0.2493337266],"iteration":890,"passed_time":8.025928485,"remaining_time":0.9818475925},
{"learn":[0.2492479818],"iteration":891,"passed_time":8.035361922,"remaining_time":0.9728913538},
{"learn":[0.2491293697],"iteration":892,"passed_time":8.045418263,"remaining_time":0.9640086832},
{"learn":[0.2490435658],"iteration":893,"passed_time":8.0549151,"remaining_time":0.9550570477},
{"learn":[0.2489618112],"iteration":894,"passed_time":8.064204545,"remaining_time":0.9460798628},
{"learn":[0.2489165299],"iteration":895,"passed_time":8.072742052,"remaining_time":0.9370147025},
{"learn":[0.2488319674],"iteration":896,"passed_time":8.082180598,"remaining_time":0.9280541824},
{"learn":[0.2487349023],"iteration":897,"passed_time":8.091828352,"remaining_time":0.9191163607},
{"learn":[0.2486576995],"iteration":898,"passed_time":8.100844267,"remaining_time":0.9101059744},
{"learn":[0.2485381711],"iteration":899,"passed_time":8.109595404,"remaining_time":0.901066156},
{"learn":[0.2485003381],"iteration":900,"passed_time":8.118783738,"remaining_time":0.8920750168},
{"learn":[0.2484534903],"iteration":901,"passed_time":8.127650354,"remaining_time":0.8830484864},
{"learn":[0.2483705239],"iteration":902,"passed_time":8.138109584,"remaining_time":0.8741933883},
{"learn":[0.2483187105],"iteration":903,"passed_time":8.147594746,"remaining_time":0.8652313004},
{"learn":[0.2482244533],"iteration":904,"passed_time":8.156830089,"remaining_time":0.8562418325},
{"learn":[0.2481644527],"iteration":905,"passed_time":8.166538819,"remaining_time":0.847300937},
{"learn":[0.2480336039],"iteration":906,"passed_time":8.175501901,"remaining_time":0.8382818928},
{"learn":[0.2479679283],"iteration":907,"passed_time":8.184312474,"remaining_time":0.8292475194},
{"learn":[0.2479075582],"iteration":908,"passed_time":8.195187072,"remaining_time":0.8204202679},
{"learn":[0.2478540748],"iteration":909,"passed_time":8.203759819,"remaining_time":0.8113608613},
{"learn":[0.2477825322],"iteration":910,"passed_time":8.212892601,"remaining_time":0.8023572354},
{"learn":[0.2476562648],"iteration":911,"passed_time":8.220964948,"remaining_time":0.7932510037},
{"learn":[0.2476337276],"iteration":912,"passed_time":8.229784049,"remaining_time":0.7842181953},
{"learn":[0.2475366477],"iteration":913,"passed_time":8.238070351,"remaining_time":0.7751357223},
{"learn":[0.247464174],"iteration":914,"passed_time":8.247111755,"remaining_time":0.7661251357},
{"learn":[0.247404927],"iteration":915,"passed_time":8.256390637,"remaining_time":0.7571362593},
{"learn":[0.2472835513],"iteration":916,"passed_time":8.264991776,"remaining_time":0.7480854062},
{"learn":[0.2471984124],"iteration":917,"passed_time":8.274060125,"remaining_time":0.7390772661},
{"learn":[0.2471202342],"iteration":918,"passed_time":8.284805787,"remaining_time":0.7302168322},
{"learn":[0.2470712583],"iteration":919,"passed_time":8.294103827,"remaining_time":0.7212264197},
{"learn":[0.2469886466],"iteration":920,"passed_time":8.3037558,"remaining_time":0.7122656984},
{"learn":[0.2469331534],"iteration":921,"passed_time":8.312469206,"remaining_time":0.703224076},
{"learn":[0.2468175856],"iteration":922,"passed_time":8.322237099,"remaining_time":0.6942711339},
{"learn":[0.2467746836],"iteration":923,"passed_time":8.330729802,"remaining_time":0.6852115421},
{"learn":[0.246728693],"iteration":924,"passed_time":8.341092326,"remaining_time":0.6763047832},
{"learn":[0.2466349382],"iteration":925,"passed_time":8.349876481,"remaining_time":0.6672687469},
{"learn":[0.2465427648],"iteration":926,"passed_time":8.359184004,"remaining_time":0.6582744685},
{"learn":[0.2464681778],"iteration":927,"passed_time":8.369570061,"remaining_time":0.6493631944},
{"learn":[0.2464135121],"iteration":928,"passed_time":8.378383556,"remaining_time":0.6403285602},
{"learn":[0.2463224767],"iteration":929,"passed_time":8.387596911,"remaining_time":0.6313244987},
{"learn":[0.2462145198],"iteration":930,"passed_time":8.397057538,"remaining_time":0.6223383138},
{"learn":[0.2461239425],"iteration":931,"passed_time":8.406539056,"remaining_time":0.613352635},
{"learn":[0.2460584737],"iteration":932,"passed_time":8.415959394,"remaining_time":0.6043614999},
{"learn":[0.2459487878],"iteration":933,"passed_time":8.424308295,"remaining_time":0.5952937339},
{"learn":[0.2458783092],"iteration":934,"passed_time":8.432982156,"remaining_time":0.5862500964},
{"learn":[0.2457606577],"iteration":935,"passed_time":8.443039454,"remaining_time":0.577301843},
{"learn":[0.2456706567],"iteration":936,"passed_time":8.451939712,"remaining_time":0.5682734278},
{"learn":[0.2456168482],"iteration":937,"passed_time":8.460686506,"remaining_time":0.5592351422},
{"learn":[0.2455629658],"iteration":938,"passed_time":8.46998574,"remaining_time":0.5502333655},
{"learn":[0.2454792161],"iteration":939,"passed_time":8.478617669,"remaining_time":0.5411883619},
{"learn":[0.2454168805],"iteration":940,"passed_time":8.487489065,"remaining_time":0.5321592506},
{"learn":[0.2453199631],"iteration":941,"passed_time":8.496412319,"remaining_time":0.5231336672},
{"learn":[0.2452755242],"iteration":942,"passed_time":8.504846068,"remaining_time":0.5140787125},
{"learn":[0.2451949371],"iteration":943,"passed_time":8.513687879,"remaining_time":0.505049281},
{"learn":[0.245115488],"iteration":944,"passed_time":8.522906405,"remaining_time":0.4960421717},
{"learn":[0.2450501227],"iteration":945,"passed_time":8.532076738,"remaining_time":0.4870318645},
{"learn":[0.2449399195],"iteration":946,"passed_time":8.540543837,"remaining_time":0.477981862},
{"learn":[0.2449118256],"iteration":947,"passed_time":8.549686754,"remaining_time":0.4689701595},
{"learn":[0.2448443766],"iteration":948,"passed_time":8.558362814,"remaining_time":0.4599330912},
{"learn":[0.2447976175],"iteration":949,"passed_time":8.567190499,"remaining_time":0.4509047631},
{"learn":[0.2447567402],"iteration":950,"passed_time":8.575505035,"remaining_time":0.4418504172},
{"learn":[0.2446515912],"iteration":951,"passed_time":8.585405432,"remaining_time":0.4328775848},
{"learn":[0.2445480236],"iteration":952,"passed_time":8.59407504,"remaining_time":0.4238421059},
{"learn":[0.2444578009],"iteration":953,"passed_time":8.602693015,"remaining_time":0.4148049043},
{"learn":[0.2443719379],"iteration":954,"passed_time":8.613432568,"remaining_time":0.4058685503},
{"learn":[0.2442986218],"iteration":955,"passed_time":8.622502965,"remaining_time":0.3968516009},
{"learn":[0.2442276999],"iteration":956,"passed_time":8.634020163,"remaining_time":0.3879444796},
{"learn":[0.2441557582],"iteration":957,"passed_time":8.643350585,"remaining_time":0.3789360382},
{"learn":[0.2440280129],"iteration":958,"passed_time":8.652534919,"remaining_time":0.3699206795},
{"learn":[0.2439358838],"iteration":959,"passed_time":8.662430017,"remaining_time":0.360934584},
{"learn":[0.2438804349],"iteration":960,"passed_time":8.672501663,"remaining_time":0.3519537615},
{"learn":[0.2437723007],"iteration":961,"passed_time":8.682838425,"remaining_time":0.3429811436},
{"learn":[0.2436919205],"iteration":962,"passed_time":8.692101485,"remaining_time":0.3339644392},
{"learn":[0.2435710768],"iteration":963,"passed_time":8.70132137,"remaining_time":0.3249456113},
{"learn":[0.2434807507],"iteration":964,"passed_time":8.710648667,"remaining_time":0.3159302625},
{"learn":[0.2434200407],"iteration":965,"passed_time":8.720487786,"remaining_time":0.3069322823},
{"learn":[0.2433007635],"iteration":966,"passed_time":8.72995316,"remaining_time":0.2979198079},
{"learn":[0.2432483738],"iteration":967,"passed_time":8.740760512,"remaining_time":0.2889507607},
{"learn":[0.2431763878],"iteration":968,"passed_time":8.750238516,"remaining_time":0.2799353911},
{"learn":[0.2431138304],"iteration":969,"passed_time":8.759635607,"remaining_time":0.2709165652},
{"learn":[0.2429932823],"iteration":970,"passed_time":8.768678532,"remaining_time":0.2618863825},
{"learn":[0.2428954635],"iteration":971,"passed_time":8.777894466,"remaining_time":0.2528611574},
{"learn":[0.2428313692],"iteration":972,"passed_time":8.787469694,"remaining_time":0.2438455105},
{"learn":[0.242772935],"iteration":973,"passed_time":8.796861664,"remaining_time":0.2348238227},
{"learn":[0.2426774364],"iteration":974,"passed_time":8.806419139,"remaining_time":0.2258056189},
{"learn":[0.2426145096],"iteration":975,"passed_time":8.815574307,"remaining_time":0.2167764174},
{"learn":[0.2425417995],"iteration":976,"passed_time":8.824786092,"remaining_time":0.2077482908},
{"learn":[0.2424394437],"iteration":977,"passed_time":8.834063283,"remaining_time":0.19872126},
{"learn":[0.242354556],"iteration":978,"passed_time":8.844428261,"remaining_time":0.1897170516},
{"learn":[0.242244811],"iteration":979,"passed_time":8.854265312,"remaining_time":0.1806992921},
{"learn":[0.2421402384],"iteration":980,"passed_time":8.863522468,"remaining_time":0.1716686309},
{"learn":[0.2420482571],"iteration":981,"passed_time":8.873314541,"remaining_time":0.1626473134},
{"learn":[0.2419900151],"iteration":982,"passed_time":8.882143943,"remaining_time":0.1536077793},
{"learn":[0.241891014],"iteration":983,"passed_time":8.894580105,"remaining_time":0.1446273188},
{"learn":[0.2417870325],"iteration":984,"passed_time":8.904133352,"remaining_time":0.1355959394},
{"learn":[0.2416520902],"iteration":985,"passed_time":8.912935738,"remaining_time":0.1265528401},
{"learn":[0.2415599315],"iteration":986,"passed_time":8.922306405,"remaining_time":0.1175177135},
{"learn":[0.2414601324],"iteration":987,"passed_time":8.932138199,"remaining_time":0.1084875085},
{"learn":[0.241361353],"iteration":988,"passed_time":8.942084087,"remaining_time":0.09945695142},
{"learn":[0.241234524],"iteration":989,"passed_time":8.952263033,"remaining_time":0.09042689933},
{"learn":[0.2411784839],"iteration":990,"passed_time":8.962116803,"remaining_time":0.08139157541},
{"learn":[0.2410799558],"iteration":991,"passed_time":8.971430527,"remaining_time":0.07235024619},
{"learn":[0.2409957036],"iteration":992,"passed_time":8.981392003,"remaining_time":0.06331293456},
{"learn":[0.2408929783],"iteration":993,"passed_time":8.991111436,"remaining_time":0.05427230243},
{"learn":[0.2407944501],"iteration":994,"passed_time":9.001520275,"remaining_time":0.04523377022},
{"learn":[0.2407013752],"iteration":995,"passed_time":9.010536659,"remaining_time":0.03618689421},
{"learn":[0.2406256503],"iteration":996,"passed_time":9.020521171,"remaining_time":0.02714299249},
{"learn":[0.2405712802],"iteration":997,"passed_time":9.033128236,"remaining_time":0.01810246139},
{"learn":[0.2405233092],"iteration":998,"passed_time":9.04214504,"remaining_time":0.009051196236},
{"learn":[0.2404255791],"iteration":999,"passed_time":9.051240057,"remaining_time":0}
]}